MaxAbsEStateIndex	MinAbsEStateIndex	MinEStateIndex	qed	SPS	MolWt	FpDensityMorgan1	Ipc	Kappa3	SMR_VSA10	SMR_VSA7	MolLogP	CalcAsphericity	CalcNPR2	pIC50_class
12.38399108717561	0.31946966595280113	-0.4388706223230032	0.5380266069420899	10.590909090909092	312.75600000000003	1.3636363636363635	151802.10527451235	2.7340438279225285	28.47317011026542	72.16340665301799	4.094900000000003	0.6259168613265133	0.9606388324632474	inactive
13.004896376486453	0.16983035441452077	-4.091553890533867	0.25144901412472115	11.387096774193548	457.85100000000017	1.096774193548387	10996764.751017224	3.9800625161081413	44.18384753835657	93.88823740519763	4.054100000000003	0.5747127222854367	0.9089372807503271	inactive
13.659265991010216	0.07874945353047114	-5.375735883025176	0.13972959481592434	16.274509803921568	726.6710000000005	0.9411764705882353	70910584932.89229	9.57933064787457	40.37701435445236	64.84885194917072	5.185800000000004	0.2689924325298687	0.8294241884631063	active
12.130349584278157	0.3241099773242633	-0.4358641975308639	0.7272379499441562	10.578947368421053	272.69100000000003	1.263157894736842	38528.09371927747	2.301440794266416	28.47317011026542	59.5084508625856	3.435500000000001	0.5607377162449168	0.96057775005445	active
13.730802601854212	0.0392388733729967	-4.890923259751015	0.19889390230444107	15.9375	673.6890000000003	1.0833333333333333	20751829790.502407	8.49296788161442	40.37701435445236	58.54052231024742	3.7887400000000016	0.5011941744600158	0.9419565398293579	active
13.712172114283472	0.021004274804397705	-1.1283444753398746	0.2075826214235363	15.978260869565217	633.7460000000001	1.065217391304348	10073163496.866297	8.2902459197964	40.37701435445236	58.54052231024742	3.468460000000002	0.16229032682837594	0.7922144663527511	active
11.98765306122449	0.32561626039304636	-0.43780864197530867	0.7272379499441562	10.578947368421053	272.69100000000003	1.2105263157894737	37866.58512008595	2.4361181210887883	28.47317011026542	59.508450862585605	3.435500000000001	0.7227909444999777	0.9831282755143236	inactive
12.164238473167044	0.3482029478458051	-0.3846141975308639	0.8557269142497447	12.68421052631579	274.707	1.368421052631579	38528.09371927747	2.394437878984936	23.257631452867926	52.80869171420791	2.922200000000001	0.541493562908866	0.9561764416423199	inactive
14.482071183040873	0.1424255572392854	-1.3894589063728955	0.316761238770822	12.108108108108109	530.8780000000002	0.9459459459459459	206483752.77132925	4.697921494771686	28.191251096997135	97.23852836595982	1.3820999999999997	0.20250484723394496	0.649834555237456	active
12.714643014613252	0.3104610470731506	-0.4478407659360035	0.47144797456992965	10.6	352.8210000000001	1.28	590885.6664414506	3.488867966115229	28.47317011026542	84.31544686668573	4.823400000000003	0.5360979407643252	0.9108350629395403	inactive
13.467265272878699	0.15190019526329102	-0.6854535409842957	0.525070051615019	15.485714285714286	515.3970000000003	1.0	80708513.50083414	5.441271877056524	46.39101178853517	76.53334181009869	4.375300000000003	0.19661834331089073	0.6052490336995874	active
13.08697694472902	0.08730775944059177	-0.8580856061560429	0.35596462764532816	13.794117647058824	475.6300000000002	0.7647058823529411	12626219.886697628	11.814856464127601	24.19376005277098	35.89528683400505	3.5882000000000014	0.5446203883366324	0.9690516782402275	inactive
13.763965867160334	0.04008921350905115	-4.892402549691844	0.19423388273238826	16.102040816326532	687.7160000000002	1.0816326530612246	31730992904.15521	9.148115329917358	40.37701435445236	58.54052231024742	4.178840000000002	0.22826349162258086	0.8482372825239011	active
12.282571806500377	0.3265665154950874	-0.42836419753086363	0.7301306649014965	10.7	286.718	1.35	54134.02952880117	2.2551782794198814	28.47317011026542	59.005535285820976	3.743920000000002	0.5715937011698768	0.9490661499101881	inactive
12.187760770975057	0.28772250566893454	-0.5142901234567898	0.6777516231107281	10.7	286.69800000000004	1.35	51573.950385579315	2.352093707559982	28.603646613416885	53.069644720510844	2.768020000000001	0.4522791742684364	0.8981883363003429	inactive
13.18500747984379	0.08151062790229124	-0.759089142863042	0.4368819704854645	20.727272727272727	452.55500000000023	1.0606060606060606	43440812.98232493	5.80199178200692	34.91062464326513	36.02576333715651	2.4466	0.12613974277914572	0.7146516956791863	active
13.439596560846564	0.06662359851347954	-0.10973949147560225	0.39146974534478357	11.03125	441.9020000000001	1.03125	42213902.50326604	4.1048874421944594	34.22890732950011	95.90665327335527	4.3373000000000035	0.21713156825727267	0.6684512722774663	active
13.653641564931245	0.003200153813463835	-1.176140257232879	0.19768076628647868	16.044444444444444	659.5670000000002	1.0222222222222221	7244791383.6574335	8.549002513560348	63.5788941349174	63.76721559325937	4.455000000000003	0.07060577235367733	0.7954306927264337	active
13.274467102684696	0.1758109987822285	-0.6087307886117417	0.5461975567107992	15.909090909090908	505.42700000000025	1.2121212121212122	41107310.05062905	5.237424299079393	52.04041139178634	74.65781763734266	4.105900000000003	0.2266203435269511	0.7263531528618983	active
13.445210560259714	0.1590928917863439	-0.5919365709246669	0.40881132522955	16.11764705882353	514.4380000000002	1.1470588235294117	96045010.72109058	4.485701656720825	62.9433363238674	80.85466120895575	4.578600000000004	0.205049486938291	0.6307377020872393	active
12.282571806500378	0.3265665154950874	-0.42836419753086363	0.7301306649014965	10.7	286.718	1.3	53695.73212250784	2.376500903540443	28.47317011026542	59.00553528582099	3.743920000000002	0.5252875204287009	0.933388085266234	active
14.042005226026504	0.06746470679582717	-4.847476829283116	0.23223730203970608	19.382978723404257	664.7220000000001	1.0425531914893618	15588066502.339376	8.44026908053816	40.37701435445236	29.959396268694903	4.347200000000002	0.2576607847702469	0.7342762457345416	active
13.715968898252344	0.018902352607709894	-1.0689195956160245	0.3614193809082541	17.08823529411765	464.4970000000001	1.1176470588235294	60474963.844884455	5.481398806074585	34.91062464326513	71.67190394374585	1.8580000000000005	0.16864795538821895	0.8879147708999068	active
13.368847063002157	0.16746666240383123	-0.6400784465020584	0.5813737441093618	15.787878787878787	485.3710000000002	1.0606060606060606	32738306.429203812	5.208436419314408	46.39101178853517	82.5997088785603	4.366700000000003	0.20394118546810808	0.5855518208002944	active
12.716566987906273	0.23618102796674156	-4.404133834089191	0.6232898661677924	11.95	342.178	1.0	44804.234306808656	2.21121804732523	24.379009496700675	64.4481921185137	3.0665000000000013	0.5364466378723913	0.9266796154036833	active
13.901258941108326	0.1064204202750374	-1.1018171033845643	0.2810680735732491	12.342105263157896	502.5740000000002	0.8157894736842105	791267425.3896759	5.366637496404184	17.501745733386574	138.933193711284	6.002100000000005	0.05282676151859871	0.7968905964268466	active
13.476669396153522	0.14002362055933526	-0.6683641975308638	0.7340634869140499	10.7	290.68100000000004	1.3	53695.73212250784	2.352093707559982	28.47317011026542	59.25930463516989	3.574600000000001	0.5329391461470286	0.9298112340872227	inactive
12.129494047619048	0.28992695998152374	-0.5163706223230029	0.7527056772559997	10.571428571428571	302.71700000000004	1.2857142857142858	93791.7295815142	2.683732834133854	28.47317011026542	53.44208379412399	3.4441000000000015	0.7092863042619499	0.9776658497675914	active
13.941258941108327	0.1341981980528153	-0.9907059922734531	0.259688804682495	12.342105263157896	501.5860000000002	0.7631578947368421	791267425.3896759	5.3934370032894465	17.501745733386574	144.73860777344268	6.607100000000006	0.2110034775985658	0.6978005767987563	active
13.908760085263062	0.0754602597211731	-1.0736448501765292	0.36005526389778836	26.27027027027027	519.6870000000004	1.0	35028707.215500385	6.261723084579349	29.535898646757527	0.0	1.7112000000000023	0.3840442739468808	0.8565847706472608	active
13.338023280084759	0.12674831506676765	-0.7060947341899728	0.5234037477465193	15.823529411764707	523.4170000000001	1.2058823529411764	55520307.57406042	5.266915048223016	52.04041139178634	74.40867140992695	4.245000000000003	0.1878193670239452	0.5923351920142916	active
13.560476358441278	0.1308193972033258	-0.6607196397077357	0.5779349216439061	16.15625	493.3910000000002	1.15625	23258789.089073196	5.033246179187257	52.04041139178634	80.47503847838857	4.236400000000004	0.27471606084251354	0.7565231790414567	active
14.470235863036779	0.017770849080373408	-0.8727059975224669	0.4520201384381207	15.157894736842104	563.4130000000002	0.9736842105263158	287868444.3693659	5.558012379877571	46.39101178853517	70.21782851422135	4.523000000000003	0.20138572892837245	0.6106767697338713	active
13.286425043156857	0.17917461892164277	-0.6607196397077357	0.5779349216439061	16.15625	493.3910000000002	1.15625	22535385.80433116	5.033246179187257	52.04041139178634	80.47503847838857	4.236400000000003	0.20624178903678486	0.7392325979994583	active
13.941258941108327	0.1341981980528153	-0.9907059922734531	0.259688804682495	12.342105263157896	501.5860000000002	0.7631578947368421	791267425.3896759	5.3934370032894465	17.501745733386574	144.73860777344268	6.607100000000006	0.15003675998552482	0.7283336114418318	active
12.261949247291511	0.03002491969009813	0.03002491969009813	0.6786713803127206	10.722222222222221	304.20700000000005	1.0555555555555556	24687.272947986596	1.7968038728718991	24.379009496700675	58.88474062681671	2.0563	0.6271263186811089	0.8762798673694744	active
13.902421492548655	0.13174468565612107	-0.9908420466952219	0.3012081896435563	12.45945945945946	490.56300000000016	0.8648648648648649	515002842.19061273	5.20584383603262	17.501745733386574	138.933193711284	5.730800000000006	0.10642682313579166	0.7154552482044143	active
13.312931311413456	0.05767977870160368	-0.05767977870160368	0.423696597277139	11.066666666666666	413.4860000000001	1.1	18893190.43572573	3.60094980201566	33.96475331720233	83.44504429516094	3.745400000000002	0.24507456791534704	0.7693499763061057	active
13.401942239858908	0.028969277525825232	-0.16896017048794776	0.39764929922658	11.03125	442.8900000000001	1.03125	42213902.50326604	4.080039911587439	34.359383832651574	89.84028620489364	3.732300000000003	0.3722722130295425	0.8407997756724994	active
13.441942239858909	0.06896927752582527	-0.10646017048794776	0.39146974534478357	11.03125	441.9020000000001	1.0	42213902.50326604	4.1048874421944594	34.22890732950011	95.7761767702038	4.3373000000000035	0.22462581133290424	0.6887494883575978	active
12.255451625094484	0.028416477702192244	-0.0399248866213151	0.6444730412108102	10.38888888888889	299.19100000000003	1.1111111111111112	24489.75014559996	1.7045194732810245	24.379009496700675	64.4481921185137	1.9193799999999999	0.4841082270172641	0.9415713486987425	active
14.324607549070027	0.08770413255185439	-1.0175259301251371	0.1812425659079677	11.568181818181818	577.6840000000003	0.6590909090909091	21475175191.88724	6.345800790708732	17.501745733386574	180.63389460744762	7.678000000000007	0.09064356226049433	0.6730634465375203	active
12.282571806500378	0.37040627362055956	-0.42836419753086363	0.7301306649014965	10.7	286.718	1.3	59752.0642769737	2.1429143998613727	28.47317011026542	59.00553528582099	3.743920000000001	0.5760941667198937	0.9835973287325819	inactive
12.657436696900982	0.10702160493827173	-0.10702160493827173	0.771157719311006	12.818181818181818	328.824	1.1818181818181819	135875.26832264866	2.8276860463509346	40.64477711834226	58.614105776366586	4.317580000000003	0.18475632483353233	0.554999470896088	active
13.703907651473557	0.015087115041084065	-1.1439694753398746	0.20559002630239856	15.978260869565217	634.734	1.0434782608695652	10073163496.866297	8.259092528293994	40.37701435445236	52.73510824808874	2.8634600000000017	0.35545824502387874	0.9207680146276466	active
13.600755070546736	0.029599710254472056	-0.15085548416897554	0.3505536860898898	11.0	471.92800000000017	1.1176470588235294	103628453.49939074	4.354225506834097	34.2289073295001	89.70980970174219	4.345900000000003	0.1653422019559223	0.8133549982793992	active
13.216922521066039	0.181244383555891	-0.6107857772738732	0.538969653258269	16.15625	509.84600000000023	1.09375	23880876.402963024	5.015101888055699	63.64135128201886	79.680450951084	4.750700000000004	0.1861261028642228	0.7309902285825233	active
14.23028688344494	0.03761936255983822	-0.9692034378213823	0.48045659066393626	15.35135135135135	551.3770000000002	1.027027027027027	164086169.27520162	5.546196406238876	46.39101178853517	76.03504935526725	4.653500000000004	0.15641221413954662	0.6039386515004836	active
13.027187965470343	0.13374362244897942	-4.493270463277904	0.6979392738273666	13.0	366.38900000000007	1.1666666666666667	251727.8011340051	3.0946320915095638	40.80572217750086	48.02802097092827	5.048980000000002	0.2241978036797701	0.6327073559677459	active
9.993444822373394	0.01759870769295313	-1.2274896069538934	0.4777865842451994	30.15	298.30400000000003	1.45	48948.28904716982	1.8897782866627932	29.33009066241718	10.967909342203233	-1.6883100000000006	0.40683298393693285	0.7853111481379572	active
12.161388416477703	0.2936281179138325	-0.51590765936004	0.6777516231107281	10.7	286.698	1.35	57999.41232082151	2.231802196032109	28.603646613416892	53.06964472051084	2.768020000000001	0.5944868509942635	0.9674372039854913	inactive
13.51970846286683	0.07158642451644592	-4.917337940394227	0.24901800875445937	17.022727272727273	624.6570000000004	1.0909090909090908	2204732186.0462174	8.289683239601555	40.37701435445236	29.959396268694903	3.422900000000001	0.04771013567132558	0.7714691434483235	active
12.211939602229782	0.05704979213907779	0.05704979213907779	0.6170840138000484	10.882352941176471	353.077	1.0	14036.809803963835	1.9269116387035163	40.308953394650025	63.357460142649124	2.810200000000001	0.7505409131362033	0.9379244931442788	active
12.380887188208618	0.11028628117913852	-0.13912037037037028	0.7885238917590689	11.85	282.32400000000007	1.1	55748.13437203679	2.104570140375048	29.043837228109744	48.53093654769288	3.671280000000001	0.27371686932435085	0.7132368950126641	active
13.592806932141798	0.13908021541950166	-0.6669187242798362	0.41103945228588273	15.777777777777779	540.4520000000002	1.0277777777777777	207108690.09453756	4.974707253403273	62.9433363238674	96.8834028470868	4.172900000000003	0.20201789818670632	0.6734274756054514	active
13.3152769904258	0.05440045771394919	-0.05440045771394919	0.423696597277139	11.066666666666666	413.4860000000001	1.0666666666666667	18893190.43572573	3.60094980201566	33.96475331720233	83.31456779200947	3.745400000000002	0.3518698702933688	0.8128579275569499	active
12.293199247291511	0.07084124622071042	0.07084124622071042	0.6670445819834877	10.944444444444445	302.23500000000007	1.0555555555555556	24687.272947986596	1.857554326462476	24.379009496700675	64.4481921185137	2.6101	0.6060261659369046	0.90096840963362	active
13.493264553908496	0.0748370461208665	-0.09744782480893566	0.34598626624675893	10.93939393939394	453.9330000000001	0.9090909090909091	62436775.73973072	4.6098167774879055	34.22890732950011	107.90891090712704	5.380100000000005	0.23430471715382767	0.7339457024430729	active
13.497379780245943	0.023952272458315216	-0.29150905905467295	0.3707810822968909	10.970588235294118	468.92400000000015	0.9705882352941176	89374700.5791247	4.463852849186056	34.22890732950011	112.0658714146378	4.302500000000004	0.24256908059118965	0.8294385670550588	active
13.59096020588625	0.025526474216707618	-1.1185651438541948	0.2199603493379519	16.186046511627907	591.6650000000003	1.0930232558139534	3553876394.755929	8.178601324602832	40.37701435445236	60.04926904054127	2.5432000000000006	0.3312194373258316	0.852488639971203	active
13.636105386650119	0.01625234702813394	-1.6251903597426267	0.24608490991212095	19.477272727272727	614.6960000000001	1.0909090909090908	4783747558.965415	8.141944088691345	40.37701435445236	29.959396268694903	1.9875000000000014	0.33937484924765365	0.8205184519910456	active
13.5402663141065	0.00024070852742164028	-1.456787581964849	0.26032531083343696	16.595238095238095	581.6700000000002	1.1666666666666667	1180072139.5549319	8.085910950223498	40.37701435445236	29.959396268694903	2.3841800000000006	0.3391858234201614	0.8950370129210511	active
13.592280224251722	0.026341593163694554	-1.11528582286654	0.2199603493379519	16.186046511627907	591.6650000000003	1.069767441860465	3553876394.755929	8.178601324602832	40.37701435445236	60.04926904054126	2.5432000000000006	0.09877220723169722	0.7634866484916146	active
13.599224668696166	0.03144363398002126	-1.1029401438541948	0.22294777123023807	16.186046511627907	590.6770000000004	1.0	3553876394.755929	8.211251040930767	40.37701435445236	65.85468310269995	3.148200000000002	0.06300314056495807	0.819709782497526	active
13.537001851296582	0.041548437416492945	-1.0759077259487613	0.2860202186313948	16.951219512195124	570.6870000000002	1.0975609756097562	656712651.8787203	8.547340258815737	40.37701435445236	29.959396268694903	2.8805000000000014	0.1260528583468244	0.7952179588988207	active
13.68027150065209	0.02226655749525208	-1.1257930350106566	0.21050681064469662	16.155555555555555	622.7230000000001	1.1333333333333333	6801257451.360745	7.888569511688361	40.37701435445236	46.910703750088814	2.498540000000001	0.2864839049710158	0.8716525248808038	active
13.589224668696167	0.024499189535576615	-1.1233483071195007	0.2199603493379519	16.186046511627907	591.6650000000003	1.069767441860465	3553876394.755929	8.178601324602832	40.37701435445236	60.04926904054127	2.5432000000000006	0.3081399379969658	0.8505171058560085	active
13.181660455478998	0.07404971279655603	-1.0229154734922232	0.32299670515952583	17.514285714285716	486.5690000000003	1.2	56597868.67953344	6.596173469387756	34.40770906650051	29.959396268694903	1.2835000000000008	0.5570906950852447	0.9300203590123851	active
12.511903526109199	0.15244567271352927	-4.3594698365457285	0.6232898661677924	11.95	342.178	0.95	44985.39292260471	2.21121804732523	24.379009496700675	64.4481921185137	3.0665000000000013	0.6778472286931909	0.9112732507422218	active
12.190672241118671	0.029272014361299892	0.029272014361299892	0.6336232917968305	10.882352941176471	308.626	1.0	14036.809803963835	1.8664697849479828	35.97994938693319	63.90737394055803	2.7011000000000003	0.6520209825928884	0.8995827404837599	active
12.504228878317985	0.050464891975308346	-4.331183397939576	0.6470426196011942	11.952380952380953	356.205	1.0	70412.26953000849	2.8210114092232166	24.379009496700675	70.0116436102107	3.1256000000000013	0.4854079015442574	0.9703263525145348	active
13.366599304475388	0.04538811203493709	-0.04538811203493709	0.39243876106279424	10.96774193548387	425.5170000000001	0.967741935483871	30224836.464175556	4.082222255491286	33.96475331720233	95.4473019289327	4.788200000000004	0.4000488085284872	0.8382875317116347	active
12.334958427815572	0.06485591458805762	0.06485591458805762	0.6335085685706999	11.0	302.23500000000007	1.0	20628.941483577648	1.7621387262015344	24.379009496700675	63.94527654174909	2.6645400000000006	0.5468196588433754	0.8830637963709295	active
13.93583802274098	0.14808708694170414	-0.9984837700512308	0.309581076758767	12.342105263157896	500.58200000000016	0.8157894736842105	791267425.3896759	5.366637496404184	17.501745733386574	138.80055486323204	5.366300000000005	0.055648506063130834	0.7783997409402625	active
13.1801641191456	0.15122756046863195	-0.6450946397077357	0.5938666406403572	16.125	490.3920000000003	1.15625	23258789.089073196	4.98103161273197	52.04041139178634	74.65781763734267	3.1709000000000014	0.34837519149931206	0.7996292267005747	active
12.297543461829177	0.013929988662131354	0.013929988662131354	0.6786713803127206	10.722222222222221	304.20700000000005	1.1111111111111112	24489.75014559996	1.7968038728718991	24.379009496700675	58.88474062681671	2.0563	0.5672709564560405	0.8661485030006217	active
12.215277305366591	0.33160997732426334	-0.43340765936004044	0.7301306649014965	10.7	286.718	1.35	57999.41232082151	2.2551782794198814	28.47317011026542	59.00553528582098	3.743920000000002	0.6293213396268817	0.9817285246804591	inactive
12.223658352229782	0.07235591458805746	0.07235591458805746	0.6300536324372557	10.882352941176471	288.208	1.0	14036.809803963835	1.7759350682515336	24.379009496700675	64.4481921185137	2.3561199999999998	0.5700233525980563	0.8828211148226243	active
12.83536328420257	0.006674225245654197	-0.28665732342319616	0.6301789108659128	10.882352941176471	292.171	1.0	14036.809803963835	1.7543951233641175	24.379009496700675	64.7019614678626	2.1868	0.5800700627762941	0.894310447041226	active
12.058190114008568	0.2206676351095993	0.2206676351095993	0.5930580770939952	11.117647058823529	296.27200000000005	1.1176470588235294	11197.758018761775	3.11055719939695	24.379009496700675	34.61927235297027	3.028900000000002	0.5548850059920458	0.874169371161725	active
12.206946806500378	0.012260802469135967	0.012260802469135967	0.6336232917968305	10.882352941176471	308.626	1.0588235294117647	13797.07407128044	1.8664697849479828	35.97994938693319	63.90737394055803	2.7011000000000003	0.5235321549886877	0.9039645906462799	active
12.27516298185941	0.017530864197531137	-0.053881172839505886	0.6214166056399674	11.0	343.071	1.0	19063.60891528064	2.0390405221714545	47.58088927716571	62.863640185837745	3.3545000000000016	0.4339891719178814	0.8282411871815273	active
12.138730631141346	0.07840277777777782	0.07840277777777782	0.6224308831812042	10.75	274.181	0.875	9923.302412937335	1.4529367399092816	24.379009496700675	64.95110769527832	2.0477	0.4907742783003864	0.8302959894366557	active
12.815329452035126	0.02982414493575214	-0.24972705131435258	0.6656887230718124	10.944444444444445	306.198	1.0555555555555556	22170.440452167048	2.049774654884461	24.379009496700675	70.26541295955961	2.2459	0.4123151728842082	0.9271006373230084	active
13.202863284202568	0.055085034013605316	-0.37753695305282586	0.6774914994407878	10.842105263157896	322.19700000000006	1.2105263157894737	34979.03004388997	2.008842385761417	24.379009496700675	58.635594399400986	2.1954000000000002	0.4417957857741594	0.9528020468322272	active
13.674897959183674	0.2512037037037034	-0.7101563681027965	0.6324075039965741	11.0	310.161	0.9444444444444444	20265.576253880423	1.634857398908848	24.379009496700675	64.45281524044688	2.3259	0.38398412946233973	0.8742130009834953	active
12.104512428058154	0.21934047461577233	0.21934047461577233	0.5672121906629936	11.166666666666666	310.2990000000001	1.0555555555555556	18415.95658753146	3.364993800348276	24.379009496700675	34.61927235297027	3.4190000000000023	0.26897908862869013	0.9398679250249867	active
13.406267951625095	0.09768518518518499	-0.37929988662131486	0.6774914994407878	10.842105263157896	322.19700000000006	1.2105263157894737	35049.29092291298	2.008842385761417	24.379009496700675	58.635594399400986	2.1954000000000002	0.35258000179504306	0.9463318600961194	active
12.39762329931973	0.05506944444444439	0.05506944444444439	0.5349846588752196	10.944444444444445	320.27500000000003	1.0555555555555556	24838.67917661971	1.8660397277497787	36.14089444609179	58.88474062681671	2.7696000000000005	0.32176158201609684	0.9231048800134882	active
13.65406462585034	0.10583333333333322	-0.3513600718065002	0.6301789108659128	10.882352941176471	292.171	1.0	14195.395868648111	1.659219427315925	24.379009496700675	64.7019614678626	2.1868	0.444952292959202	0.8154274353746731	active
13.126196617535903	0.30083333333333284	-4.71967474489796	0.4826575179760235	12.0	360.168	1.0476190476190477	63695.28685540375	2.4284553181870456	24.379009496700675	64.199045891098	3.2056000000000013	0.35900459751325864	0.9732962216155311	active
12.24106465734442	0.09087738567649284	0.09087738567649284	0.6928247256460257	10.789473684210526	318.2340000000001	1.105263157894737	38733.42021511716	2.3708755455329986	24.379009496700675	64.4481921185137	2.1154	0.4498466952456505	0.9504764934066997	active
12.536436602418746	0.058263888888889115	-4.859072105694129	0.6241325584121488	11.818181818181818	392.622	1.1363636363636365	96162.18724422503	2.924678564375663	35.97994938693319	57.84100687209642	3.5997000000000003	0.33042684729691335	0.8436569014386281	active
12.419543178382465	0.01033950617283974	-0.07773919753086433	0.6728279499844142	10.842105263157896	338.65200000000004	1.2105263157894737	35049.29092291298	2.121147186147187	35.97994938693319	57.84100687209642	2.7097000000000007	0.36083903297723346	0.9246970952525272	active
11.932476379440665	0.22362906273620564	0.22362906273620564	0.6154899334180128	11.0	268.218	1.2666666666666666	4122.050718702812	2.2418998667691876	24.379009496700675	34.61927235297027	2.2487000000000004	0.2888209543696477	0.9183271766090754	active
12.290952853363567	0.06923611111111105	0.06923611111111105	0.6300536324372557	10.882352941176471	288.2080000000001	1.0	14195.395868648111	1.6797733842420794	24.379009496700675	64.4481921185137	2.3561199999999998	0.4454514881388936	0.8399422638396885	active
13.08204266692903	0.03684033503973949	-1.0605154758694624	0.36648141964571357	16.714285714285715	509.9870000000002	1.1428571428571428	33577689.24299899	9.936555521862347	41.26108965419073	34.85155307928476	2.1240999999999994	0.05039983612371528	0.7273910092729043	active
12.39987748803225	0.026404596560846594	0.026404596560846594	0.6784840406266259	10.761904761904763	348.26000000000016	1.0952380952380953	97070.76740609237	2.622491355692139	24.379009496700675	58.38182505005209	2.1239999999999997	0.42151715580809085	0.8821441032059051	active
12.10198365457294	0.20883975812547217	-0.20883975812547217	0.5633598200445077	13.666666666666666	235.242	0.8888888888888888	22981.164167809817	1.5691552778201157	17.64250999956376	71.05534855915606	2.544200000000001	0.572439773694813	0.8653868393592354	inactive
13.113759220911096	0.07542712326487555	-1.0182858438625935	0.32789190968006365	17.323529411764707	472.54200000000026	1.2058823529411764	36985301.33550804	5.932516419958828	34.40770906650051	29.959396268694903	0.8934000000000009	0.2299426333166999	0.8197601206356054	active
12.7746022297808	0.2529747732426304	-0.30073507180650005	0.5771029549850707	11.0	334.40000000000003	0.7916666666666666	567831.4212740917	2.4868327736324765	22.304935040496268	98.51163667663978	3.2622000000000018	0.34255183657867067	0.8020300730860525	active
11.601201420382967	0.06331490929705219	-0.558259007306626	0.31343520544484943	10.8	290.26000000000005	1.2	58845.82701811119	2.0319722981426884	28.482672659307198	51.850250207463986	1.9155999999999995	0.3882265074564726	0.8943251523566491	active
11.311536438649533	0.02196286848072604	-1.1358248299319726	0.4753379739804853	12.11111111111111	253.21399999999997	1.3888888888888888	8539.278534607894	3.230832666901206	5.907179729351506	23.1219770257306	-2.868099999999999	0.565905778900452	0.9024622344732547	active
11.530262188208617	0.21633975812547224	-0.2556916099773241	0.7487812423768543	10.466666666666667	222.26900000000003	1.2	3426.976149286677	1.9167513123929096	11.532486611566675	56.047067197408474	0.6567999999999999	0.34025838641977035	0.8383849814250177	active
10.431481481481482	0.3125000000000002	0.3125000000000002	0.28239623999098273	9.0	126.16	1.5	72.49526582754562	0.8692020605459402	12.628789148012991	29.603197801775195	0.22580000000000017	0.33261636407640827	0.6659481486055908	active
4.053510015117158	0.6791666666666666	0.6791666666666666	0.6769346849476513	13.272727272727273	187.31300000000002	1.7272727272727273	480.86064456780684	3.20458917628526	21.587795952773448	12.393687143226153	2.5776000000000003	0.4021356320692071	0.9456300720615037	active
5.072795729402872	0.8372222222222224	0.8372222222222224	0.4688607712542894	9.333333333333334	240.44400000000002	0.8333333333333334	295.5292938179993	5.18320245841735	54.66461100998478	0.0	2.0608	0.4222629387957455	0.9629523215889492	active
13.986098259847324	0.019922732790698117	-0.4545418613984069	0.3269197904185625	11.0	471.9230000000001	0.9705882352941176	86427293.40261497	4.648768654396578	34.22890732950011	107.65976467971133	5.519200000000005	0.21422086398505075	0.6386474548918332	active
13.545206163885819	0.04084115609819072	-0.13807518686486908	0.2927344761672539	11.0	488.37800000000016	0.8823529411764706	86427293.40261497	4.7832270608636005	45.82984721973263	106.86517715240676	6.033500000000005	0.20876937703716658	0.6146512280601154	active
5.154818121693122	0.9142129629629633	0.9142129629629633	0.5509158141740411	10.23076923076923	226.351	1.3076923076923077	1536.3686534734218	1.673482411276347	32.89873251777682	27.977790672827755	3.3045100000000014	0.4973114427599409	0.7960460100734104	active
11.31173469387755	0.4259259259259258	-0.4492384731670447	0.6480849496389218	14.538461538461538	237.052	1.0769230769230769	1078.8442537451363	1.3533346101056525	33.57245389751311	39.874743811445114	2.2276999999999996	0.6793542879343599	0.8783095240633544	active
11.345150419365787	0.1759619341563785	-0.1759619341563785	0.7649198651947398	10.055555555555555	240.30200000000002	0.9444444444444444	15984.622430655161	3.2014905114022945	5.969305287951849	60.160755107851486	3.459200000000002	0.7232481165376292	0.9635638719079332	active
12.89355185343957	0.39485993008314413	-1.2574113010039236	0.7749701955614847	10.333333333333334	256.257	1.3888888888888888	8753.237681994713	3.8296852178292626	6.031114512338072	32.8521490740581	0.4427999999999999	0.656568462080025	0.9136338372940571	active
13.252992724867726	0.17044533940119244	-4.391525934549924	0.6460053375585231	17.333333333333332	414.4510000000002	1.0	6594717.7589413915	3.9969904927680098	10.902924932081056	71.41813459439695	4.054100000000003	0.195554229367561	0.7253349294090717	active
10.881481481481481	0.025679012345678487	-0.025679012345678487	0.4711758525933405	9.3	154.596	1.3	237.587417309747	1.5785944584266869	17.384184836597456	35.89528683400505	2.1081	0.48625281554894867	0.8597349614185588	active
4.619205719324767	1.0739813765012178	1.0739813765012178	0.4490644198756372	11.4	332.50000000000006	0.65	104034.16819293235	2.440304032399045	64.69460897681364	48.53093654769288	5.705400000000002	0.5350331718583091	0.886035239936167	active
12.90974613160691	0.13225001574703965	-0.38594623960695373	0.7452239218242064	10.818181818181818	316.357	1.0	126585.36105883833	2.777178286315354	11.532486611566675	85.6268407355362	2.556520000000001	0.4654880406119744	0.8919746807965818	active
11.9021385224774	0.14378504591136876	-1.4406163872441982	0.08486630434811851	26.15625	680.5070000000002	0.78125	4343307.672674451	8.952119660513176	38.2567361096139	0.0	1.6064999999999996	0.37583556546521213	0.9095892005821454	active
12.119168556311415	0.18532312925170036	-1.8574036281179145	0.615574356254711	19.956521739130434	315.213	0.9130434782608695	126896.18742936917	2.2486268250553363	5.783244946364939	35.392371257240434	-2.268099999999999	0.47637707635317417	0.8162573666372301	active
12.509200627781976	0.04066184807256201	-2.7464429099829233	0.2586315801966103	11.0	704.676	1.0689655172413792	3415973.990497433	3.4148213446154245	51.87064287802198	67.19678757856546	2.1419999999999995	0.26161792470759027	0.6808323302560255	active
10.552328889551216	0.00998713991769562	-1.276630900077177	0.7107378835828181	10.2	306.32399999999996	0.8	33997.28176810619	3.7166262787746502	33.52640652867714	47.78605840046659	0.0030000000000000027	0.5065631132020814	0.8414023659622433	active
5.341120559334845	0.9208390022675739	0.9208390022675739	0.5731348904238734	10.0	296.5520000000001	0.75	2714.3052865680856	5.702690372404801	54.66461100998478	0.0	3.6212000000000026	0.5109452759348505	0.9856112934938799	active
12.486635487528345	0.019809145880574697	-0.10296296296296359	0.6956942950633703	24.181818181818183	284.314	0.5454545454545454	245797.25765842202	1.2566768629224687	11.566489892729878	94.08299178828719	3.282000000000002	0.03801262548735647	0.8250828657397348	active
11.908478258587385	0.07530187074829908	-1.32697656840514	0.6511252448279088	25.045454545454547	298.25	1.0	128968.53052773217	1.5248159105422978	0.0	40.95582274893743	-1.2075000000000007	0.3386978389875483	0.8269844047690708	active
4.796018518518518	0.6412037037037042	0.6412037037037042	0.36933407705557747	19.25	146.26	1.375	93.1025933890692	1.292572442662808	29.16719667661866	0.0	0.914	0.30655101641141475	0.716529202089312	active
12.022363000755858	0.3681934996220708	-1.2842370559334844	0.49170020600639636	10.956521739130435	312.1890000000001	0.7391304347826086	126896.18742936917	2.1268683683347867	10.969244356107037	34.4887958498188	-2.0984	0.5217016793966632	0.8009438925862808	active
12.379915154256786	0.18422979797979733	-0.9583944719132445	0.7040108922550186	14.68	401.63700000000017	0.92	391385.09823801776	3.8353148950950535	46.39738567473262	59.799013802856386	1.2440000000000002	0.4950097111843331	0.9906470714729533	active
12.397362353522166	0.16678259871441647	-0.9459026901906935	0.7685872751314005	14.68	381.21900000000016	1.0	391385.09823801776	3.7208889558948495	34.7964457845001	60.33983198081206	0.8990199999999995	0.5037276737644562	0.8680143532131623	active
13.355271557697153	0.11386017678676397	-0.4460015117157978	0.47532557082457577	11.838709677419354	414.4850000000002	1.0	12931634.136541	4.233884835708214	16.720787709916088	83.68134523447164	4.620620000000003	0.1453209279758506	0.7535284267586418	active
10.91254582388511	0.2258427815570676	-0.45008975812547214	0.4495209813517867	15.307692307692308	183.163	1.3846153846153846	950.2567875843068	2.1430937196059068	17.78366474665486	12.152040213667762	-0.17790000000000017	0.3785459916442343	0.8361095813141423	active
11.12324074074074	0.1559111111111109	-0.1559111111111109	0.5248027379463859	10.090909090909092	485.7840000000001	0.9090909090909091	256.3467847697368	2.0248124201865747	67.77261188120417	16.776913881657798	1.6476	0.25042638235045633	0.5119217217846126	active
12.090911753590325	0.08773910426327403	-0.5645984767363739	0.4901700998395578	12.96	378.3710000000002	1.32	913522.6336685838	2.9611976937556217	28.09975280401372	44.99454362803878	1.4767999999999997	0.27000278903506825	0.7171276503031689	active
13.57819227499693	0.07382726720930166	-0.09499128663811174	0.3216282800842715	11.0	467.96000000000015	0.9705882352941176	86427293.40261497	4.674782301103835	34.2289073295001	107.40599533036243	5.688520000000005	0.24160673440199504	0.7296401645576477	active
12.54390447845805	0.07512117346938796	-0.1707038926681781	0.7840161901116731	11.818181818181818	323.4020000000001	1.1363636363636365	138010.8432363698	2.547914635642421	40.80572217750086	48.02802097092827	3.901860000000002	0.24019156728204524	0.5308304495130372	active
4.854020009238263	0.5541028911564629	0.5541028911564629	0.7676419196227249	9.846153846153847	208.29100000000003	1.1538461538461537	1629.760421312178	2.1333333333333337	34.784519780470625	30.33183534230805	2.1875	0.6026361534578594	0.9594744367778	active
9.92201388888889	0.7256944444444446	-1.770833333333333	0.2738439535871248	11.444444444444445	199.988	1.5555555555555556	74.37070548558485	1.8844584889399605	15.929943897949348	10.114318268765572	-0.6611	0.0496232613089312	0.8905879974274988	active
8.460795776643991	0.20494425547997008	0.20494425547997008	0.5749614240811024	9.0	223.28599999999997	1.0714285714285714	1305.0459264409658	2.222137664778961	35.15949545445228	6.06636706846161	1.3923600000000003	0.2604539184541162	0.7023972285764343	active
13.14885723733938	0.057759275006298516	-0.5033829393687246	0.5467831356160404	10.857142857142858	391.4560000000001	1.0714285714285714	4271530.572123697	3.6264530879647157	39.87193304655383	76.48433214048032	2.825100000000001	0.1962833122933599	0.8536549867017856	active
13.455495725553597	0.036770633938083996	-2.9542622099803815	0.44687620867262495	15.45945945945946	551.3770000000002	1.0810810810810811	175741924.1445091	6.204244355213314	46.39101178853517	76.53334181009869	4.968100000000004	0.46250055960948105	0.8413323286722614	active
12.905093571685384	0.042388142661411	-4.407307614990695	0.8197041783167737	18.48148148148148	380.3420000000002	0.9629629629629629	1890633.602722603	3.544192758609795	0.0	53.08855688586065	2.9293000000000013	0.23309004712652143	0.7391114806171774	active
12.29065381708239	0.014920687410766575	-0.014920687410766575	0.49203915114511826	11.166666666666666	348.44800000000004	0.5	494966.5681869795	2.679992141576119	43.13269281063263	72.79640482153933	4.939600000000003	0.17802844928051198	0.7310973287101588	active
11.397787863264158	0.1011221865289329	-1.0536699351198042	0.5560148004649582	10.875	407.2210000000001	0.9583333333333334	166076.06679846926	4.300724410682122	39.212339549568114	45.941110879906724	-0.05250000000000021	0.6314092787690027	0.936762897408623	active
12.255851993575208	0.33273337112622814	-0.39910454459561584	0.7264647655468736	20.35	265.31199999999995	1.1	59831.80581930575	1.44	0.0	47.02218981739904	1.5858999999999999	0.3417992053007214	0.7134317489394449	active
13.967110852477916	0.16588444180345308	-0.9509325921726719	0.27892088788174935	15.394736842105264	507.63400000000036	0.8947368421052632	791267425.3896759	5.6959347245289695	17.501745733386574	119.97022392283162	6.987800000000007	0.1287461858836983	0.8339077962229257	active
12.495399659863946	0.11255385487528358	-0.12702160493827153	0.7486348621452906	12.285714285714286	332.83700000000005	1.2380952380952381	78719.9370788792	2.7492409445069685	52.40666206773338	47.487202792972596	4.683580000000002	0.3110729248639707	0.7174390555129381	active
13.472856390643189	0.05442888285556036	-0.12522560258671334	0.36891495448126593	10.93939393939394	454.92100000000016	0.9090909090909091	62436775.73973072	4.583550441931717	34.22890732950011	102.10349684496836	4.775100000000005	0.21721604208619286	0.6605776585462867	active
12.641181185437137	0.2124673511379862	0.2124673511379862	0.5458796961954645	11.36	331.45900000000006	0.88	578522.9131212785	4.54926953981008	16.55569337529453	83.92330780493333	5.323200000000005	0.7166764256395195	0.9604092296694494	active
14.326106693086414	0.023229721269135473	-2.260281980867525	0.08161708098879662	26.444444444444443	747.7340000000003	1.0740740740740742	626225170651.6927	7.009486719468301	34.9997140835551	69.15764176634495	-0.09009999999999796	0.04778303630586818	0.8265920065534808	active
12.358159891188391	0.15265172771485847	-0.9361200723078424	0.7230430312406163	14.75	411.64300000000014	1.0833333333333333	266964.99300494924	3.5417586817531923	39.12544979221693	60.292833759667765	0.6997000000000005	0.378778123391385	0.8462814057845582	active
12.346911039030449	0.1639005798728015	-0.944173984207908	0.7725355036252199	14.75	367.1920000000001	0.9583333333333334	266964.99300494924	3.467237289722543	34.7964457845001	60.84274755757667	0.5906000000000003	0.42808668938995165	0.892037662800838	active
12.635222782218182	0.26133566389518803	-1.354619569237925	0.5763227383596949	12.4	358.44300000000004	1.2	698309.5933731179	4.2365016697356515	21.83297047813683	47.78605840046658	2.618520000000001	0.3455487014969072	0.7988252759959539	active
11.902314814814815	0.2540046296296292	-1.6882511337868475	0.32331231143346845	29.8125	300.59399999999994	1.125	3867.430123779731	2.348289515823799	58.56510209578176	12.152040213667762	2.9135000000000018	0.41383401912029677	0.96904490508677	active
5.733149880322499	0.7252343159486018	0.7252343159486018	0.44144726269288276	11.0	209.25199999999998	0.6875	6454.27180107526	1.3358058857067674	33.180622413529235	42.46456947923127	2.5524000000000004	0.6372490934314435	0.861110160164019	active
11.464448223733939	0.2033333333333336	-3.44224537037037	0.6947014224634946	11.428571428571429	207.25400000000002	1.2857142857142858	1215.5386176841962	2.441662238282496	9.837253136417502	41.312991963031976	1.806	0.4773694777826338	0.9283782279606193	active
9.573829979625033	0.020557184084742053	-0.10197982091179214	0.3638589512310325	12.28125	431.54400000000015	1.03125	26256195.379560474	4.6999502743484225	22.930079997205514	60.55218461730588	4.2641000000000036	0.34931609399678815	0.8506482576900241	active
11.714129346182917	0.009141589506173053	-3.487738567649281	0.7571618838863213	12.588235294117647	249.33499999999998	1.1764705882352942	3975.888424564535	3.431930063860128	9.837253136417502	41.312991963031976	2.7950800000000013	0.3613477251098791	0.8536191897996437	active
4.616097174981103	0.6812613378684806	0.6812613378684806	0.8399410248536084	17.647058823529413	264.4189999999999	1.1764705882352942	17875.713031851046	2.8130473602342914	33.501329478401296	24.26546827384644	4.2257000000000025	0.4373605911550769	0.91106590329842	active
12.20150604686319	0.03530092592592626	-3.7404629629629613	0.6458964542905704	11.222222222222221	357.14300000000003	1.1111111111111112	12358.656501801739	2.5371310141535925	21.65901670907764	42.725522485534206	0.7159000000000003	0.185091348595734	0.8048672263076556	active
5.048148148148148	0.7950925925925928	0.7950925925925928	0.5537426119928397	9.090909090909092	208.377	0.9090909090909091	169.85318124863062	4.550602853533002	44.83870000660245	0.0	1.4126	0.29554608785545283	0.8663143814759674	active
11.407341864343543	0.14384698812840147	-1.1412189625393439	0.40462746733382715	13.047619047619047	560.6540000000005	0.7142857142857143	2111073571.5470035	5.11457534073436	62.373851673479685	88.52887769405913	4.834640000000004	0.22492348164655726	0.7103679714205426	active
13.16042389280815	0.17026082346518812	-0.591133471907282	0.610260461709596	16.258064516129032	476.38900000000024	1.1612903225806452	16685426.463458363	4.977437471837489	52.04041139178634	74.9187706436456	3.492300000000002	0.2602304329527906	0.7066757585023491	active
12.621229765054169	0.21818468127991952	-1.4238408604182415	0.697797898745364	12.333333333333334	345.4040000000001	1.1666666666666667	353332.36450656696	2.9648922445555446	21.963446981288296	35.150408686778746	1.92384	0.25991414325566187	0.791289935946022	active
4.590130385487528	0.7802834467120182	0.7802834467120182	0.7013101010787974	11.736842105263158	267.357	0.9473684210526315	48943.50285356756	2.347735713616929	11.532486611566675	65.46507333807817	3.1313000000000013	0.18626153569421397	0.6663229372672578	active
12.623411281179138	0.045872727177290074	-0.17476662887377148	0.6178483155079704	12.08695652173913	340.429	1.173913043478261	195183.85872199526	2.9800235768616132	46.5889671238658	48.02802097092827	4.232780000000002	0.21043406317055122	0.5829430521585556	active
12.585354098429494	0.02988630637440104	-1.3880781788023848	0.3700966516695975	17.09090909090909	450.31100000000026	0.7575757575757576	17548920.071957238	3.8680562614814904	5.969305287951849	53.08855688586065	-2.822799999999998	0.13304977886663732	0.6382204245123485	active
12.178543083900227	0.42685185185185204	-1.3144444444444454	0.6636690510675125	12.705882352941176	245.267	1.0588235294117647	17466.494283647582	1.8022528721252682	16.446746263672036	42.46456947923127	0.6859999999999999	0.47014422204404954	0.9852344806048886	active
11.744530029604434	0.20555555555555527	-0.3819864890400593	0.7826772179049588	23.6	265.312	0.95	66044.92999672142	1.6296966953372567	0.0	58.65200837755764	1.3836999999999997	0.29837038875506516	0.7441481879491098	active
13.424717218307588	0.038593369446544123	0.038593369446544123	0.46063927822556927	14.193548387096774	411.50900000000007	0.967741935483871	30224836.464175556	4.190999735368746	22.627967439267593	73.05735782784227	4.716700000000004	0.34707591219149264	0.7801954551633111	active
12.735234788359788	0.05034674981103526	-0.5379779226505412	0.7464176000902987	20.0	374.65500000000014	0.9130434782608695	169073.43782485285	2.9406134437039837	52.30456540408412	38.97369349803691	2.564400000000001	0.4565014778019741	0.8910864867664701	active
11.339058484504914	0.03171012849584254	-0.03171012849584254	0.5145232399883986	10.0	182.22199999999998	1.0714285714285714	2243.920685821139	1.4434225598455577	16.55569337529453	60.68297676136064	3.2085000000000017	0.5122690480270604	0.7956738338369005	active
12.895658733802673	0.018604115824985	-5.1707717941263205	0.3222759388395738	18.818181818181817	484.5510000000002	1.2424242424242424	12109049.711955544	8.630917082001035	28.025726388674983	35.89528683400505	0.20210000000000206	0.12735177596926284	0.760437833126376	active
13.161128275384229	0.011694486436549356	-0.011694486436549356	0.47591352595048303	10.655172413793103	401.87700000000007	0.9655172413793104	7286804.309295182	4.701979547655432	23.195505894267583	101.60058126820374	4.530100000000004	0.2149159927325911	0.6646368432537428	active
12.728654099661494	0.08275648630536825	-0.26256205001872535	0.6566926898199121	15.222222222222221	379.4610000000001	1.0740740740740742	2266450.9619677886	3.335019197460951	34.30257455934539	52.905168164629565	2.8420000000000014	0.6548433014138851	0.9014684122412338	active
11.399458459309649	0.12404861636012421	-0.12404861636012421	0.7277102135895224	15.705882352941176	252.31499999999994	1.411764705882353	9314.924089585971	2.6751506919900505	17.206375544784887	23.762552697081826	0.7765	0.31296468666134697	0.9089396865434973	active
10.893846371882086	0.31828703703703676	-0.8899999999999999	0.5000707895810634	8.538461538461538	189.171	1.1538461538461537	543.459440590075	3.4081908053570626	18.031534312627993	0.0	-0.5547000000000002	0.2352413210234045	0.6770619821230774	active
13.256486433195187	0.17061140505584915	-0.5986375923826328	0.5461975567107992	15.909090909090908	505.42700000000013	1.1818181818181819	40515086.177775174	5.404503462717947	52.04041139178634	74.65781763734267	4.105900000000003	0.10854166254874424	0.6692560624992248	active
13.544104448363708	0.06188969723691917	-0.5494668052406155	0.5320502757413267	16.15625	489.4280000000002	1.15625	24521725.283063676	4.9005050540498	52.04041139178634	80.72418470580428	4.439500000000004	0.24945936171704322	0.7410413355352091	active
12.402502204585538	0.07271678424456218	-3.9059441531242123	0.7179180276389246	12.782608695652174	350.8470000000001	1.0869565217391304	127568.02414179033	4.891433053352568	27.40747599000504	70.44630146400058	3.4766200000000023	0.25017028263699503	0.7019585730313801	active
13.364253625463043	0.04866743302259158	-0.04866743302259158	0.39243876106279424	10.96774193548387	425.5170000000001	0.967741935483871	30224836.464175556	4.082222255491286	33.96475331720233	95.31682542578125	4.788200000000004	0.397484278722575	0.8251042219740975	active
12.997757714660187	0.1896773431594858	-4.565505388443162	0.7460193644944909	15.11111111111111	400.7440000000001	1.037037037037037	828901.1578511272	4.1578488156233755	23.195505894267583	61.38356573553234	0.9560000000000005	0.35856739684237526	0.8694840371403983	active
12.960068456729505	0.19591021825396826	-4.670448961431417	0.7130128321501354	15.035714285714286	435.1890000000001	0.9642857142857143	1153103.943166821	4.172127271857042	34.7964457845001	60.33983198081206	1.6094000000000004	0.36664111143099176	0.9433959997466822	active
5.44511213936941	0.3252767311170017	0.3252767311170017	0.5467988229515709	17.1875	436.5440000000002	1.09375	31319075.05371138	4.849524451208654	23.40192761449158	35.347204613956194	2.9251000000000014	0.15273213133775504	0.8827444650510193	active
13.33882152669761	0.0853881120349369	-0.0853881120349369	0.407024737963622	10.96774193548387	426.5050000000001	1.0	30224836.464175556	4.0570226172478945	33.96475331720233	89.64188786677401	4.183200000000003	0.5325436559093167	0.8816370284711668	active
14.58767417375455	0.08120868571130035	-1.9769646044075417	0.07807518101884203	30.06451612903226	858.7140000000004	0.532258064516129	36328810369058.22	6.730030468158629	23.505100468633575	116.29818560158608	-5.028999999999988	0.545346577486021	0.984073821299455	active
13.216089747627446	0.027893019862265556	-3.4954143309058527	0.4363440630432078	11.5	440.5300000000002	1.1333333333333333	8322751.776306225	4.6614028143793425	49.67543074529347	75.6429755132354	3.6910000000000025	0.24409110269700196	0.7220668323735047	active
9.374814814814815	0.37918209876543174	-1.2696759259259263	0.40619749005324385	46.46153846153846	392.18300000000005	1.1538461538461537	791.4231820442286	2.467625715150375	9.227097544247684	0.0	-2.0187000000000004	0.5268716451456612	0.9720662959586271	active
9.917685185185185	1.4367283950617284	-1.5763580246913576	0.45600714707583334	15.8	180.206	1.0	106.7559107893634	2.4861284113319395	37.19618887192968	0.0	-2.9170000000000003	0.09372612711054935	0.8952507467181192	active
13.249257863896588	0.14641119343530296	-0.5786883897077357	0.48979940055833193	16.15625	554.2970000000003	1.15625	22535385.80433116	5.256686407358569	67.97035528973569	79.13053715317508	4.8598000000000035	0.2626204795212836	0.7563179110464893	active
12.427183484504912	0.07245370370370363	-0.07245370370370363	0.7851627421857064	12.25	298.39200000000005	1.1	55748.13437203679	2.28292174799908	40.80572217750086	48.53093654769288	4.030180000000002	0.23482386439296954	0.7372701358109025	active
12.799141891324432	0.018559933232552783	-1.778814729297835	0.47873049159381986	11.777777777777779	401.4690000000001	1.2592592592592593	1548252.0568654612	3.7850217333210336	39.418307199557674	75.28269707346983	3.8030200000000036	0.221044325871075	0.862975810501108	active
5.828705435878055	0.7744009826152685	0.7744009826152685	0.3483395143098433	11.117647058823529	224.287	0.7647058823529411	9983.707030905933	1.4742513853272585	33.18062241352924	42.46456947923127	1.9818999999999996	0.5601225393124523	0.8250255123578049	active
13.714824570291533	0.1219028798515629	-1.6596503990294231	0.5436244283014613	11.515151515151516	462.4080000000002	1.121212121212121	15302533.16738852	5.050303330856173	11.594566004035068	85.49714546799956	0.7282200000000003	0.1888132774087325	0.5779096928829336	active
11.943859479665758	0.10178961167800482	-0.4568070777693798	0.9154115561060127	17.05	353.201	1.4	56792.88511557654	2.6121183851851875	45.19357458072704	35.0655078644434	2.1839000000000004	0.7666801171663533	0.9922411850644528	active
11.51602560468632	0.12425925925925929	0.12425925925925929	0.652178018053514	32.9375	217.292	1.375	6315.210148684386	1.0159786073120936	5.687386274683562	23.762552697081826	1.1293	0.27473859236455783	0.823481825498685	active
13.36833484166547	0.043042433022591586	-0.043042433022591586	0.39243876106279424	10.96774193548387	425.5170000000001	0.9354838709677419	30224836.464175556	4.082222255491286	33.96475331720233	95.4473019289327	4.788200000000003	0.29645691621950254	0.8110516035769717	active
11.212870370370371	0.08351851851851833	-0.08351851851851833	0.5804588105051868	10.333333333333334	159.168	1.25	768.3639299089631	0.8705575862213408	16.59031120676462	30.462311845459517	0.8906	0.2506516725778625	0.5195653627692569	active
5.857655772893348	0.24291289496872137	0.24291289496872137	0.6261112398862771	15.88	342.40700000000015	1.32	1086135.5174896133	2.9595421484607374	16.85126421306755	17.957138634923147	0.9249999999999997	0.20193723400608077	0.8630328450736059	active
13.614181136446348	0.13706742882338085	-0.5826624044679607	0.46482836590706544	21.08108108108108	577.2930000000002	1.054054054054054	416592490.5643714	6.019187265123267	40.703625513851605	106.43948588262029	5.1173000000000055	0.18878031910609558	0.7462326555121276	active
12.58922052154195	0.052453703703703836	-0.052453703703703836	0.7938644474597648	12.80952380952381	294.379	1.0476190476190477	96569.99855304361	2.651577025857202	29.043837228109744	59.65783953108687	3.6641800000000027	0.12944762096665877	0.7006615355935968	active
12.62649754346183	0.0852106953892664	-0.5633818342151675	0.7600162623675156	19.40909090909091	361.6120000000001	0.9545454545454546	119073.37136540088	2.58447526371035	52.30456540408412	38.97369349803691	2.6492000000000013	0.6230300828180587	0.8573197955480554	active
10.273657829406847	0.2257720579421869	-0.9087577043361976	0.2594910028457578	10.875	443.3889999999999	0.7083333333333334	200305.78451142987	12.795737303593443	28.560175915019904	33.39910203660883	5.654900000000006	0.6023924414261056	0.8829194282538464	active
13.76351883345931	0.032253147616742694	-0.880821050642479	0.5047476812324366	15.5	459.59000000000026	1.0294117647058822	59297668.4290122	5.381953068783915	17.501745733386574	84.07493708882653	5.809100000000005	0.10691384200908234	0.8114215992585091	active
4.894198790627362	0.3761111111111113	0.3761111111111113	0.6083331842770509	10.0	177.21200000000002	1.25	1072.9009829736851	1.140980214191933	12.217873443046695	35.10290111289821	0.9539899999999998	0.396917363035241	0.7546341844408015	active
12.176104217551728	0.05351935836062882	-0.594332078255239	0.7356834551000843	13.347826086956522	313.397	1.173913043478261	168457.54727982235	4.91056861996548	5.783244946364939	65.72420659954848	2.979700000000001	0.2467381734633052	0.8793779074609531	active
13.891536718886105	0.11843450047093596	-1.0074768256067863	0.2791741592383555	12.45945945945946	491.5470000000002	0.8108108108108109	515002842.19061273	5.20584383603262	17.501745733386574	132.80266956369692	6.200100000000005	0.0993208600720053	0.7732738407195682	active
13.306469907407408	0.042597434807255974	-1.6596990740740738	0.5762715251489836	58.84	348.4390000000001	1.16	496048.3566895734	1.4446147693948281	5.783244946364939	12.152040213667764	1.4048	0.1883715463745066	0.9541093317758134	active
12.689550815696649	0.06555697278911543	-0.06555697278911543	0.558992300381949	12.26086956521739	358.51300000000003	1.2173913043478262	219681.1253912428	3.3699098127634532	52.56760712689198	42.46456947923127	5.142180000000003	0.2821118062199395	0.6767151870511823	active
11.64716017888637	0.14537037037036993	-0.40131377551020253	0.8279693246158506	18.63157894736842	253.301	1.0	34288.30741097655	2.2907231555880205	0.0	59.15492395432226	1.1113999999999997	0.2209399070896889	0.6686273490143497	active
12.585996315192743	0.11684901738473163	-0.11684901738473163	0.7960220505955865	12.090909090909092	328.418	1.2727272727272727	138010.8432363698	2.652756575567789	40.80572217750086	42.46456947923127	4.038780000000002	0.23292278480600243	0.6507336321306207	active
11.948155706727135	0.04518518518518477	-0.6502721088435373	0.6450980075832928	10.8	267.216	0.85	38062.77806851456	1.9482607084715258	10.969244356107037	52.68789705520363	0.6807999999999995	0.5772978137512731	0.830301788165243	active
12.96429720962459	0.015228647014360996	-0.08629616507096616	0.6217507612165177	12.52	332.3830000000001	1.08	691709.9565150741	2.529527959331882	22.504032656281023	53.59147246262526	2.4933000000000005	0.30360910088026	0.6582166778286539	active
11.21865861468044	0.09029218631897185	-0.4547250566893426	0.5980812809314172	24.05263157894737	266.257	0.8947368421052632	14747.294119221498	3.5816060699092143	23.628718917406022	10.633577208012662	-1.1400999999999992	0.2896209243504087	0.8796329924021153	active
11.83543965734442	0.34173044217687054	-0.34173044217687054	0.8604771353565335	10.333333333333334	261.346	1.3333333333333333	14977.177646905631	2.2410806289279526	22.307173142574452	41.45873832570204	3.482420000000001	0.5179605596636393	0.8162513058873804	active
12.473499622071051	0.15776738473167073	-0.4837792894935755	0.7990794713469409	18.571428571428573	301.35100000000006	1.2380952380952381	81933.73602769118	2.687278217318938	29.263630682777688	35.65332426354336	1.4748399999999997	0.6198350688457457	0.9840666487015619	active
12.692952176240865	0.04209023578567295	-0.16977088057445178	0.591946431215491	12.083333333333334	354.456	1.1666666666666667	341023.4256865453	3.052282537185257	46.5889671238658	48.02802097092827	4.622880000000002	0.23681684014909726	0.630303719279343	active
12.674716843502015	0.006264871191819399	-1.699794390786819	0.2003852832862076	30.31578947368421	538.5020000000004	1.105263157894737	176112254.98629406	6.617006607296753	11.938610575903699	47.24686231247503	-1.8981999999999968	0.1268016526847053	0.7146787749455461	active
13.833761594610397	0.0027641378571463537	-2.053987939804821	0.10069680907008334	16.0	709.5480000000002	0.6346153846153846	185910954095.46774	7.858143485097151	29.953241258641278	100.6233153183966	-3.7588999999999944	0.09569932353604992	0.9538329786097348	active
12.489661359914336	0.008558437263794128	-4.428642518722942	0.6921866327064305	13.12	368.3600000000001	1.24	462333.6281039528	4.162906791083963	21.83297047813683	47.78605840046659	3.1443200000000013	0.2292766746422581	0.6788628591577187	active
13.133350497606452	0.05169448643654917	-0.05169448643654917	0.4883133194816554	10.655172413793103	402.86500000000007	0.9655172413793104	7286804.309295182	4.672205242031773	23.195505894267583	95.79516720604505	3.925100000000003	0.25411277216804135	0.6961998368177426	active
11.05663312547241	0.04032407407407401	-1.4753561980347696	0.42398891834482255	14.375	223.20799999999997	1.4375	2745.5124836616587	2.4142442058702147	5.969305287951849	23.762552697081826	-2.651799999999999	0.4867749372488557	0.8710340845389196	active
13.145182508188462	0.3738130406483575	-1.8573672524565386	0.3569038426756744	25.272727272727273	459.33900000000017	0.8787878787878788	16385092.375392951	3.7416026989783324	10.969244356107037	34.48879584981881	-2.9656999999999987	0.1876436725264646	0.6127467069512899	active
5.031635802469135	3.0	-3.0	0.6708982130246257	15.2	298.03	1.2	3.6096404744368114	37.34967810713577	18.83627552425153	0.0	0.19530000000000025	0.05857218067656775	0.8019806780951172	active
13.540645904195014	0.027301635453691908	-0.8681604308390025	0.6340188440515797	14.67741935483871	417.5090000000001	1.096774193548387	13840974.6357445	4.6836927624516065	17.501745733386574	84.07493708882653	4.638800000000003	0.04270055773025156	0.8153232370766245	active
12.75486079617032	0.053948832619467924	-3.571283882380112	0.4257674637299635	18.689655172413794	414.39500000000015	0.7241379310344828	2193954.128277479	4.793585621745115	39.14731084581733	91.03268512875655	2.967500000000001	0.7551564294984976	0.9661224480144243	active
11.742638311497437	0.19686191347266413	-1.6778229357756766	0.42063059149991666	12.0	355.27800000000013	0.9230769230769231	440411.3123014801	4.9058123190888026	18.014630682737582	53.60112550099753	-2.101399999999998	0.368606300655842	0.8076034105779599	active
13.067552560407899	0.07962817302847047	-3.4852395881889016	0.5896836741077904	14.75	455.5640000000002	1.15625	15606298.706749868	4.960135055262494	44.0260311420423	53.01106884168329	3.3104000000000013	0.38737783230058404	0.8104345764050165	active
12.413160279658747	0.07577475434618308	-3.8730798078401336	0.7386563898795472	12.037037037037036	436.3170000000001	1.2592592592592593	589977.9148365976	6.674753590730531	39.13237298782095	39.69854324659038	3.4175000000000013	0.16947000830644918	0.8148831880533606	active
12.79874716553288	0.1616646589191233	-1.38087962962963	0.3039650931703881	15.379310344827585	645.8790000000001	0.7931034482758621	4757764.199409469	2.44304409897558	69.68908087974924	76.5428864408873	5.451800000000001	0.2458685052818595	0.6611820953070057	active
11.925648148148149	0.4770842781557063	-1.3740843621399172	0.5404789954485705	10.4	272.168	0.7	25003.197435484188	2.007355695551551	5.783244946364939	35.392371257240434	-2.6408000000000005	0.5532617906047004	0.8701511115269557	active
12.759733902332831	0.1300275345840458	-1.7963113392342158	0.12727587476761287	32.5	620.5600000000004	0.8409090909090909	3384188757.880387	7.76086036928261	12.045325394785731	53.60112550099753	-3.543899999999995	0.18150826009716076	0.5945869675538827	active
11.459166666666667	0.015462962962963234	-1.2822222222222222	0.5315318380831734	10.5	216.14799999999997	0.875	4220.67290790774	1.2969826598689291	10.772448428929591	34.4887958498188	-1.5056000000000007	0.34105843721173396	0.6967177305675684	active
13.249494240227467	0.00039892500209992576	0.00039892500209992576	0.45652051107550523	11.166666666666666	399.4980000000001	1.0	10278551.6847568	4.376760051233308	22.627967439267593	73.05735782784227	4.572600000000003	0.3374158146984345	0.7806561362008893	active
13.925633941108327	0.023087086941704138	-1.0184837700512308	0.2810680735732491	12.342105263157896	502.5740000000002	0.7631578947368421	791267425.3896759	5.366637496404184	17.501745733386574	138.933193711284	6.002100000000006	0.08056613978570094	0.7861710140219083	active
11.774399959057698	0.0024814197741960253	-0.24997826908541154	0.6720717798157029	10.761904761904763	283.327	1.1428571428571428	68596.07341816819	4.175000814457618	23.453831057233888	59.558168847049416	3.696500000000002	0.8425173808950295	0.9901458841531448	active
13.447036844862422	0.06614685689090427	-0.06614685689090427	0.35258263556985175	10.93939393939394	455.5430000000002	1.0606060606060606	74425370.48765653	4.3309707373599835	33.96475331720232	89.25045835731963	4.796800000000004	0.29013823495669927	0.7990710051732347	active
12.472942176870749	0.03413099087371552	-4.155424382716048	0.6311273766618477	11.142857142857142	328.733	1.1904761904761905	43573.89973115203	2.955564039582369	27.12557930133358	51.53515399327656	2.4846000000000004	0.26235298088965625	0.8597462774412382	active
5.4676889607231836	0.6679287145585777	0.6679287145585777	0.5555951339156205	10.96	350.447	1.12	1006349.6425930028	3.080492747152807	27.80290785322536	59.73540381615872	4.908520000000003	0.45261456931957117	0.925944828439246	active
5.324333427815571	0.8312451184177375	0.8312451184177375	0.7672832252756947	18.0	252.36399999999995	1.25	10534.896429543438	2.2218864668337543	33.501329478401296	24.26546827384644	2.6356	0.3769461690063308	0.9640632473499127	active
6.071309086391758	0.4966818888049054	0.4966818888049054	0.7397917045388908	10.7	322.21999999999997	0.95	56907.66109539493	2.4984757855443984	39.6702241382391	52.77078911301685	4.761100000000002	0.24061188379617618	0.7524431683504533	active
10.520736305324599	0.6591017888636936	-0.6591017888636936	0.3591583792833982	12.1	177.294	1.6	142.19516056908168	7.9499999999999975	28.17870433807655	0.0	1.2479	0.44789367226721544	0.8539128295355239	active
10.874790249433106	0.016018518518518432	-1.3855102040816323	0.5689342246864603	12.357142857142858	194.16599999999997	1.3571428571428572	1115.7791056158326	2.366714454376792	5.969305287951849	23.762552697081826	-2.546499999999999	0.44347180412563963	0.8907064189624583	active
10.833973922902494	0.23824074074074075	-1.6602758881330308	0.5727117978837533	12.357142857142858	195.14999999999998	1.3571428571428572	1115.7791056158326	2.366714454376792	5.969305287951849	23.762552697081826	-2.5128999999999992	0.4063717523632932	0.90987851408822	active
11.800975471745884	0.1810990997896183	-1.0413922158226196	0.5196240247414037	14.699115810140233	387.070215909091	1.0631913219167197	193365259187.8346	4.0168404903011785	30.228827456483312	58.07436634110884	2.647705625000002	0.34952034833047047	0.8150313617826128	active
14.45660087744413	0.004498870385297726	-3.55876478796246	0.21195036653751734	25.73469387755102	707.9790000000002	0.9183673469387755	22001811090.838627	8.78955643704937	39.37315178317503	0.0	3.622200000000004	0.1984774199431108	0.8539586321821487	active
13.023523085159988	0.4256594860166296	-1.2488731812169305	0.22135475238825783	14.108108108108109	555.5160000000003	0.8918918918918919	261689578.9398522	4.993446712018141	37.60531725896	118.22494708630921	7.1305000000000085	0.28776066200561595	0.9480384891161644	active
5.028790863567649	0.4903269085411941	0.4903269085411941	0.5432776369063089	9.166666666666666	242.412	1.0	374.0377304598448	7.146512887129868	54.78886212718547	0.0	3.010600000000001	0.36338889840556865	0.858555535577261	active
12.451823418684889	0.08860807675461801	-0.40594770127320956	0.5323580597809113	10.807692307692308	358.41800000000006	1.1153846153846154	482383.4660067983	4.857509939129848	11.374772549367124	57.639423662929225	2.4175000000000004	0.3197608023714871	0.8538570242635718	active
11.21865861468044	0.09029218631897185	-0.4547250566893426	0.5980812809314172	24.05263157894737	266.257	0.8947368421052632	14747.294119221498	3.5816060699092143	23.628718917406022	10.633577208012662	-1.1400999999999992	0.25529911745924966	0.9650405465904669	active
8.82218820861678	0.14523148148148168	0.14523148148148168	0.5518955801042782	13.428571428571429	226.33	0.9285714285714286	1028.2255559121188	2.912367919767596	23.52376989878223	21.20435165389176	1.10016	0.4327696355274926	0.7544712589192742	active
12.364358238295827	0.18349041764445762	-0.958893086839099	0.6951193352618424	14.44	360.75700000000006	1.08	455344.072630024	3.633812611875626	29.481666417397136	61.38356573553234	-0.2503000000000002	0.6770412598933351	0.9528683928874518	active
12.783679567840615	0.2399389408541195	-4.52866655402401	0.7460193644944909	15.11111111111111	400.744	1.037037037037037	819633.7031081625	4.1578488156233755	23.195505894267583	61.38356573553234	0.9560000000000004	0.6112559757916065	0.9448883080487713	active
6.458465136054423	0.6291590031074157	-3.464929138321994	0.2664138311940485	10.941176470588236	502.1820000000002	0.4117647058823529	132340838.78728457	4.024893685240328	50.02053246507601	109.58603674176342	5.852900000000004	0.1464205864564344	0.7643254748176839	active
12.68868184069671	0.11782779187202896	-0.1327885309886121	0.20082714286431413	12.307692307692308	676.7320000000001	0.38461538461538464	1360221463128.0676	5.523224718784628	34.21884308413281	144.1030533486261	7.232800000000006	0.16288885166829356	0.577996786896377	active
14.27311949374564	0.13709927748618145	-1.6586044273676543	0.15996214533866898	12.571428571428571	713.1370000000001	0.6326530612244898	96733969998.6043	6.6357897664924685	64.56419791578202	82.43355151048074	4.990280000000005	0.15347836213503618	0.8010785480430627	active
12.480634640832152	0.13507314499874012	-0.733935290165449	0.5921416029098349	12.923076923076923	362.4700000000001	1.1538461538461537	426840.18531445955	8.64611141891333	18.286580323419475	35.89528683400505	3.2014000000000014	0.277377720302506	0.8412825820171933	active
12.76641545471216	0.22531026916939623	-4.417634159027853	0.5233468611970812	11.958333333333334	328.293	1.0	278146.7685947892	3.481694924487057	22.762189985279875	77.75510770753375	4.544700000000002	0.687566935849599	0.8949071119359862	active
13.686743843753451	0.08622035700852737	-1.0770001889644745	0.3666181777054298	12.114285714285714	471.5320000000001	0.9714285714285714	84540073.3214187	5.460199206559851	23.189132008070136	114.15762620371889	6.138000000000005	0.1768031203964996	0.6300860973149127	active
13.687525091504861	0.0002015341260470649	-0.501664814358475	0.3269197904185625	11.0	471.9230000000001	0.9705882352941176	92994695.37493284	4.510830702407047	34.22890732950011	107.65976467971133	5.519200000000005	0.21367462998516298	0.6339140196878056	active
12.348392268978383	0.04448805738949746	-0.07108389300059303	0.21138619670065883	12.911764705882353	591.4790000000003	1.088235294117647	79140338.9571503	6.792446164434775	69.00692535488102	56.422438217615344	4.746000000000003	0.11159189497528536	0.7687505036347905	active
12.663654415469892	0.021886993995129167	-0.39987575585789803	0.7909659087002993	10.416666666666666	324.3400000000001	1.0416666666666667	420119.7713706736	2.787960984633546	11.855519010338	54.09438803938988	2.2329999999999997	0.40887945840071094	0.768005032812595	active
12.365429557548966	0.1453820613542829	-0.933757317541241	0.8072635459408661	15.5	366.20400000000006	1.0416666666666667	266964.99300494924	3.5456995846330295	29.10905950981654	66.40619904927367	1.6480000000000004	0.13578865621345237	0.6761129173865803	active
4.125246126228269	0.8021787603930464	0.8021787603930464	0.5657553515126612	10.0	203.27	1.0714285714285714	2714.3052865680856	2.532744091707263	11.761884949391115	48.54992698353412	2.1639	0.34293627147936656	0.8189621145916841	active
13.288644690602649	0.26523603811507734	-5.408282918571288	0.11757442386923869	13.0	866.8460000000001	0.43103448275862066	1399919185138.4043	7.76580436930591	96.14172194209475	83.92330780493333	4.035640000000002	0.5224634083573234	0.8856325542475664	active
5.294334609494241	0.08211514343774429	-0.08211514343774429	0.11783105826800559	10.0625	239.30800000000002	1.25	3350.3228917933952	4.419468990214426	35.130768035702	24.26546827384644	-2.1944999999999997	0.5141562638139768	0.9177953988349612	active
12.847243456679092	0.00947798563870017	-4.5471295938409035	0.889486535263782	11.916666666666666	339.325	1.2916666666666667	158344.24577536603	3.396001474848616	17.453588333505085	23.65106662977161	3.0443000000000016	0.3643957351267711	0.9128544519343393	active
13.15695167058593	0.03144512946235478	-4.169207185288832	0.49891825531181555	16.484848484848484	524.4310000000003	1.0909090909090908	33012141.938777868	5.136873484827404	62.06370254519393	80.56913237655507	4.070100000000004	0.1423028593335142	0.7254197093115539	active
13.343570050101038	0.05018331177762869	-5.43781069418114	0.10676011790295757	12.833333333333334	898.8440000000002	0.45	4096122989655.729	8.07222244352621	96.14172194209475	72.79640482153933	3.4360000000000017	0.26625734584345795	0.8528047017509872	active
11.694853788737717	0.0671352985638698	-0.23265778533635695	0.2862371144515137	46.55555555555556	248.32199999999995	1.5	18095.86512965189	1.8112085008859515	5.969305287951849	23.801164850570913	2.7620000000000013	0.15920226796547823	0.7055484584494518	active
4.756018518518518	0.5787037037037039	0.5787037037037039	0.42720022942752706	8.75	148.276	1.5	47.19725257297226	2.425723536271458	29.16719667661866	0.0	1.16	0.2162944886973628	0.6361323355925922	inactive
13.17520809712774	0.10350670823885055	0.10350670823885055	0.6813170466380937	45.92	334.41900000000004	1.24	1919093.2428223423	1.3322788891531836	11.594566004035068	41.478044402446585	2.0925000000000002	0.19469347053822947	0.7118762665934116	inactive
12.22498299319728	0.024907407407407156	-0.5730035903250192	0.5423999289187837	10.6	306.32399999999996	1.1	72080.57352960826	2.0419085187989046	34.24006164859935	61.374997216655075	1.8930000000000002	0.23377554054106148	0.6980046518471117	inactive
12.508786478038823	0.1246578016473403	0.1246578016473403	0.45406396462781595	12.966666666666667	418.9680000000002	0.9	8653416.73367421	4.745793937932701	28.758957385964578	94.50939261037166	5.7815000000000065	0.4869094779070706	0.903597134714099	inactive
11.939225403124212	0.05337165112958697	-0.05337165112958697	0.5341914417041845	11.0	260.296	0.95	61758.66302432891	2.6165218343101175	22.762189985279875	78.25802328429837	3.525900000000002	0.6448193920542823	0.8627760522662238	inactive
12.340656651549509	0.1275925925925927	-0.9696759259259264	0.5055052971214055	14.88	346.33900000000006	1.04	291739.89613473933	3.232043293699175	17.62599685058726	62.48352572055921	2.1756	0.10131768949271316	0.6459601937059563	inactive
11.212870370370371	0.004629629629629317	-0.38870370370370355	0.5796806794408671	14.461538461538462	173.14700000000002	1.0	1095.9712415561455	1.0518261614894997	11.566489892729878	41.478044402446585	0.6954	0.2602687929209003	0.5585058200010213	inactive
9.802662037037038	0.1712962962962965	-1.6417824074074072	0.3780091246547498	8.142857142857142	165.95	1.5714285714285714	27.977093296928835	2.331743772241993	27.682494132266136	0.0	-1.2997	0.5587826542753781	0.8952213447592964	inactive
12.005717120181405	0.0375925925925924	-1.2579220731502476	0.6279689901206734	29.0	255.319	1.411764705882353	8524.665234888083	2.6337635473704637	23.63836996669447	11.105091403710494	-0.40510000000000024	0.28168618058164363	0.8996480831255561	inactive
2.3798091458805746	1.0257168950377824	1.0257168950377824	0.5335131251851576	12.96551724137931	385.575	0.6896551724137931	4582873.670846661	4.762819491901809	16.972175807523534	95.6013915569533	5.954000000000007	0.3048539714353828	0.7178706241814683	inactive
13.613729406516203	0.15064154797418006	-0.8893747375493415	0.44108573063191664	13.818181818181818	437.49900000000014	0.9090909090909091	75605078.3506142	4.549875454479748	17.501745733386574	108.84332093943763	5.008300000000004	0.20995664214824128	0.9370688565002777	inactive
11.130016534391533	0.18324074074074104	-0.5687944066515487	0.48878133498627435	10.357142857142858	192.17	1.4285714285714286	1324.7139056815984	2.5158513680748387	12.045325394785731	29.838572803915707	0.019999999999999796	0.651099764843494	0.8673016563382325	inactive
14.262705095442497	0.15515711389185105	-3.952316387681654	0.2713197935252292	27.384615384615383	748.948	1.1153846153846154	459318576862.8753	7.029737608651751	49.98454115147789	51.71067854051604	6.038220000000006	0.20522712512127206	0.7278388978561426	inactive
12.06467970521542	0.039211073318216716	-3.839537037037038	0.6283739821736034	11.38888888888889	267.262	1.1111111111111112	13118.961777142245	2.1192650741690584	15.72143533827851	52.07597217123222	2.32902	0.34846189660183846	0.8490348620905828	inactive
10.069182964852608	0.20608835663895197	-0.5093419312169316	0.5289547551768388	13.428571428571429	193.15799999999996	1.3571428571428572	2449.430895854699	1.6580998735903334	6.076020106833881	40.07682585566784	1.6626999999999996	0.7434582269404405	0.9497390893156543	inactive
11.541574074074074	0.04611111111111099	-0.07620370370370355	0.5994834910884169	15.307692307692308	172.18299999999996	1.0	1131.0684223072026	1.1085425487040885	11.566489892729878	47.04149589414358	2.0119000000000002	0.2919603011407871	0.6235624400405259	inactive
13.314951513433655	0.0705125689983539	-0.09996758734357902	0.484708250728698	13.290322580645162	431.5210000000002	1.096774193548387	22442949.775414176	4.3382766439909295	39.87193304655383	76.48433214048032	3.618400000000003	0.18571217629193745	0.7775563208209819	inactive
11.689748887209205	0.0202680933484507	-1.0420332577475435	0.7185016047126355	20.61904761904762	286.23900000000003	0.9523809523809523	57289.59026476565	2.2954031683873257	0.0	41.45873832570204	-0.9819000000000007	0.19177999075640495	0.8690181662753846	inactive
12.26360936144005	0.051262477468285716	-1.5098023373465292	0.6798087330589467	24.083333333333332	366.806	1.375	232419.89941069784	2.7661992514918268	41.14648958627849	46.624612499174475	-0.7133999999999994	0.446718938780594	0.8203523758886556	inactive
12.771556594860165	0.005417139077853683	-0.6248021317240282	0.567315479988884	14.8	397.64500000000004	1.12	418264.92548049474	3.634513792271194	58.078375965455166	62.59300533538762	4.4608000000000025	0.35037263598943724	0.7492003264300777	inactive
13.021684145880576	0.020321239606953645	-0.020321239606953645	0.5521533562766379	10.88	348.43100000000004	1.04	1229054.3258480423	3.2940248731420554	33.96475331720233	76.98724771724494	3.726200000000002	0.18207514214226472	0.981067223835143	inactive
2.6122685185185186	0.4940740740740739	0.4940740740740739	0.7212588245608211	21.65	264.372	0.9	76322.13064350616	1.831999373482653	5.687386274683562	65.22129102278387	3.0839000000000016	0.1744637442294384	0.607622111859928	inactive
10.904498771730914	0.3587736205593348	-0.7376851851851856	0.6322035355738016	12.76923076923077	181.19099999999997	1.3846153846153846	795.6618714763005	2.3360814106192827	0.0	23.762552697081826	-0.9134000000000002	0.26324772780817673	0.9170851109658785	inactive
10.4228941568092	0.2527440499398922	-1.162324395761653	0.5616544918724433	20.227272727272727	299.4340000000001	1.1818181818181819	40499.073259445584	5.8849787267796065	5.969305287951849	58.74853876128035	4.267900000000004	0.7973898641248615	0.9445427573975445	inactive
10.795761526832955	0.03932917611489062	-0.8626851851851856	0.5798346457518468	12.833333333333334	167.164	1.3333333333333333	497.74840902301474	1.6637425470500236	0.0	23.762552697081826	-1.1741000000000001	0.4444103048494116	0.8240350029121966	inactive
11.787664294112705	0.033930566053582245	-0.6333585285966234	0.846115152587301	18.047619047619047	302.73699999999997	1.0952380952380953	74991.50724927991	2.522305383805159	11.600939890232516	52.04482313114036	0.8383999999999996	0.3889571820194148	0.8213409069171174	inactive
12.748456160241874	0.0065493905895688265	-0.35714852607709635	0.6887651703545593	25.5	296.366	1.1818181818181819	140495.89124327071	1.6232992169696452	17.325654764386055	39.95964463378047	3.4433000000000025	0.4395145071965037	0.8140704256744101	inactive
4.4344855442176865	0.6431944444444444	0.6431944444444444	0.4639437938300225	8.4	149.218	1.3	251.66716234355823	2.094917408045428	17.379135295172244	35.89528683400505	2.2894000000000005	0.6069049501082566	0.8962122889817631	inactive
11.956280706727135	0.1611545729402868	-1.2108693415637861	0.6450980075832928	10.8	267.21599999999995	0.9	42910.89290819663	1.763042678412738	10.969244356107037	52.68789705520363	0.6807999999999994	0.5565116153079089	0.819641265389127	inactive
5.311495995671612	0.557865176678586	0.557865176678586	0.22525095909642437	9.466666666666667	472.69000000000005	0.7333333333333333	4405640.344958916	9.278424690184044	92.16843634462165	48.53093654769288	5.208400000000003	0.5244418197877677	0.9463979177088558	inactive
12.612684424078275	0.010998467288150238	-2.9346536883271694	0.620672123984499	12.346153846153847	382.36800000000005	1.2307692307692308	891957.9763228529	3.742952830948482	21.83297047813683	36.156239840307975	2.5134000000000007	0.3244491886379459	0.8044607202381092	inactive
11.374751904524182	0.27678902116402093	-0.4813616174520903	0.824038802731227	13.727272727272727	298.338	0.6363636363636364	69045.56475789209	3.8452965116938183	0.0	47.52510539416365	1.0383999999999995	0.3650762148390029	0.8466697919023031	inactive
12.649007542831948	0.24596245905769742	-1.3838408604182415	0.7078710391207692	12.333333333333334	344.4160000000001	1.2083333333333333	353332.36450656696	2.9892470267127704	21.83297047813683	41.216775755240356	2.5288400000000006	0.27598773016505024	0.7633472054574529	inactive
14.161317572226888	0.07328736369050204	-4.529249514788037	0.3030879095407904	11.416666666666666	504.49800000000016	0.8333333333333334	151418089.5525187	4.432034947877254	26.6136023601722	95.74121444915069	5.434700000000003	0.4634538749577755	0.9168009033398161	inactive
11.646342592592593	0.03300925925925968	-3.6937962962962962	0.5358753000260388	18.357142857142858	231.65999999999997	1.2857142857142858	1773.3807348656699	1.05711155951169	27.531410772991606	29.828919765543436	1.0274	0.3083950602013719	0.7942314357158163	inactive
12.67700176366843	0.13149339674141225	-3.5520317092886518	0.7007226624358107	12.125	362.4760000000001	1.0416666666666667	337317.4530354078	2.7887544344100386	31.641921895908155	58.88474062681671	3.0827000000000018	0.5332073826709138	0.9361842470312606	inactive
12.184452554169816	0.16328278533635654	-0.16328278533635654	0.8205297148032966	13.428571428571429	296.39500000000004	1.0476190476190477	92832.46076215275	2.9516898713997244	28.92487633180652	65.72420659954848	3.1541000000000015	0.4319654973609597	0.7897381140686998	inactive
5.02974678760393	0.3872713529856391	0.3872713529856391	0.612708599241346	10.416666666666666	178.216	1.5	876.0674506112272	1.0985182192041532	23.66219058324551	18.19910120538483	1.1063999999999998	0.7345413035500037	0.9041669880031092	inactive
5.90623078861174	0.12029604434366359	0.12029604434366359	0.678904763302996	10.23076923076923	211.653	1.2307692307692308	1502.4221282807823	1.635100512028883	24.22972903824551	29.288101587587768	2.2958	0.48172229847503656	0.777922230432919	inactive
12.39362932431926	0.03877419047069108	-1.4166887724922732	0.31130761907541876	14.382352941176471	497.9160000000003	1.1764705882352942	40895039.79004126	4.726999609727153	57.85775428270603	84.95725946959364	2.6515400000000016	0.5028404411656412	0.8640112878530475	inactive
12.872300878684808	0.10710836237787302	-0.4982775363231715	0.48215869965057484	14.458333333333334	346.7700000000002	1.125	331419.430881221	3.3933951116683687	28.758957385964578	68.72842404513216	3.315800000000002	0.3430503010931983	0.8185641985605112	inactive
11.799960737381372	0.04861111111111138	-1.7621645880574446	0.46283726064584213	12.96774193548387	417.3050000000002	0.6774193548387096	5600840.530686163	4.055790040274353	29.264265340289754	88.02627775819782	-2.822099999999999	0.1864034345624413	0.718979146402608	inactive
12.637713100142957	0.057995716805239406	-1.6321886285378355	0.09320452909200135	11.515151515151516	971.659	0.8484848484848485	14909307.515120214	4.228030733471073	153.70579171326116	62.29077554381948	7.0339	0.17293670524093285	0.5766938252151783	inactive
11.142546296296295	0.08675925925925898	-1.520325018896447	0.5487783430400792	12.333333333333334	209.15699999999995	1.2	1641.1746778827317	2.503237077143783	5.969305287951849	17.696185628620217	-3.472899999999999	0.4992112155985413	0.9409816234279692	inactive
13.56390164399093	0.1107674057277237	-3.0333353410808757	0.42477262243527764	36.59375	441.41600000000017	1.1875	8427682.935942445	2.4784840440451306	34.61326404488053	35.90493987237732	-2.3234999999999975	0.21184142059776767	0.9057350968253155	inactive
11.776521852032314	0.04179894179894239	-0.46079441949211053	0.8803727748202064	16.2	343.37900000000013	0.96	483005.6079850852	3.3003753544558996	0.0	40.95582274893743	1.2890999999999995	0.5212020469325421	0.836280834414177	inactive
11.845030155580751	0.11754629629629587	-0.405692764760224	0.8134326136704578	18.454545454545453	293.36600000000004	1.1363636363636365	135880.15570011095	2.8533801347194827	0.0	71.80987974475464	2.0098	0.1617731175565843	0.6955999217233682	inactive
11.938624328863776	0.06866595455054503	-0.928634458157817	0.3854614323525041	39.592592592592595	400.87900000000013	1.3703703703703705	1513883.5054626174	4.159608404017348	23.601359690522436	16.96591324090948	3.3385000000000025	0.17146597136799405	0.7226773285770377	inactive
12.205909273431594	0.021649187452759122	-0.41608465608465495	0.5168910937051027	12.318181818181818	356.22300000000007	1.2727272727272727	93950.13103966483	4.270591860803436	27.913143734134735	69.96461658329149	3.6284800000000024	0.5702108556639066	0.9489353244939042	inactive
12.379869641829272	0.15817499210607044	-0.15863258635069633	0.0943534675467736	12.090909090909092	477.8190000000002	0.6363636363636364	17722876.260251813	14.811175293160154	16.864286038721087	29.828919765543436	9.511999999999999	0.3950924781206718	0.8893803623683422	inactive
15.350850729774827	0.15456586518139526	-2.930690719910033	0.18691340392833472	35.6	830.97	1.0166666666666666	22907726348958.035	5.312027973978838	34.49822707062017	70.93452509437688	5.121200000000005	0.3570167142896979	0.8664325929600645	inactive
6.254267197632547	0.784475844605264	0.784475844605264	0.19372872136771097	11.96774193548387	414.5970000000002	0.7741935483870968	11148452.168271601	4.081077284210583	33.05014591037777	66.73003775307771	4.988400000000004	0.15721750568019094	0.6878759980185224	inactive
12.81704936375887	0.04093733094270746	-1.5379101824001717	0.262596957866912	19.970588235294116	522.5660000000001	1.4705882352941178	47544458.88068257	4.532897290910625	68.60274093616759	46.50027915987619	-0.3536999999999985	0.3879225671047666	0.9064182511964785	inactive
12.031900510204082	0.14527919501133812	-0.6050149071974464	0.6041792298260721	10.470588235294118	246.29099999999997	1.3529411764705883	9171.313237088321	2.336879311522437	17.545129895756055	41.21677575524036	1.3737199999999996	0.6979772684487191	0.9229808156609315	inactive
6.101299340723944	0.7751196250104984	0.7751196250104984	0.3319037898661971	11.208333333333334	314.41200000000003	0.75	449292.42263074947	2.172237991788148	33.05014591037777	66.73003775307771	4.131800000000002	0.2509155820431565	0.6647045293362182	inactive
13.229887723607963	0.02949137062232232	-1.675226234567901	0.10146292580021792	15.090909090909092	971.6589999999998	0.7575757575757576	22727637.418433093	3.3424954258827935	142.73654735715414	68.75780244293809	7.433800000000001	0.15406752994876385	0.6373316371393758	inactive
13.229887723607963	0.02949137062232232	-1.675226234567901	0.10146292580021792	15.090909090909092	971.6589999999998	0.7575757575757576	22727637.418433093	3.3424954258827935	142.73654735715414	68.75780244293809	7.433800000000001	0.15406752994876385	0.6373316371393758	inactive
12.480727867535904	0.03947609599395352	-0.38742724867724765	0.45589958227114014	12.291666666666666	384.27700000000004	1.2916666666666667	258337.84588143983	5.0356997423090375	27.913143734134735	69.96461658329149	4.408680000000003	0.5668607835999383	0.9825030335447491	inactive
12.649007542831948	0.24596245905769742	-1.3838408604182415	0.7078710391207692	12.333333333333334	344.4160000000001	1.2083333333333333	353332.36450656696	2.9892470267127704	21.83297047813683	41.216775755240356	2.5288400000000006	0.23501002371080607	0.7372906398318795	inactive
5.581143235071806	0.701530612244898	0.701530612244898	0.5248553986921212	10.842105263157896	270.333	0.9473684210526315	31847.877276617604	1.7582000328873106	34.02372330720881	40.908315175056885	3.6968900000000025	0.2640494752517298	0.5743185230774195	inactive
2.42008993338916	0.9706481481481481	0.9706481481481481	0.1917076370685416	11.241379310344827	397.67100000000005	0.6896551724137931	4193460.0920274747	10.145899192197925	0.0	54.11337847523112	7.613620000000008	0.4054450786181308	0.8234249722185197	inactive
12.438445294784582	0.05689814814814809	-0.3928856449987401	0.9004764649849134	42.958333333333336	327.42400000000004	1.0416666666666667	478448.9164890141	2.0531185174654536	0.0	23.259637120317212	1.9912999999999996	0.1910602523454097	0.7644580315024907	inactive
5.377353316326531	0.3208257747543466	0.3208257747543466	0.5213895408694755	18.166666666666668	171.18	1.5	1054.8083975733878	1.3291324177381532	5.884182201861009	6.196843571613076	-1.4874999999999992	0.5944014288226805	0.8793147820051067	inactive
3.449898746535651	0.506435185185185	0.506435185185185	0.6624613878903269	23.857142857142858	274.367	1.0	184607.48902804792	1.4566464298729591	10.902924932081056	70.91521901763232	3.669900000000002	0.30661787391951	0.7287483869809209	inactive
11.261375263903307	0.30601440816501824	-4.2612917298639585	0.054960445192164725	17.77358490566038	751.991	0.6415094339622641	338498308238.3748	8.258994876331	58.86760812806411	132.15248786582637	8.370300000000006	0.4762061454845171	0.820194315929358	inactive
13.611397350645184	0.011605725623583085	-4.949697238690822	0.5439477250298663	15.375	459.78700000000015	1.09375	16782214.221351206	4.019336348156143	40.95251629182402	82.58310743899814	4.312000000000002	0.39549981422440567	0.8351621505587223	inactive
12.89780536174507	0.1593123069023461	-0.24300256346130555	0.2514867782064568	13.738095238095237	570.6100000000005	1.0714285714285714	6047680557.443069	6.013461001442041	28.445830217102618	66.35759867946456	3.839000000000003	0.622265154995741	0.9049630988730182	inactive
12.994412746404887	0.02899380494979331	-4.971492416455668	0.37511211550132484	11.966666666666667	510.24100000000016	0.9333333333333333	3539000.467459143	5.240981359696281	44.63502677508792	51.99782490999606	5.104800000000001	0.1828740553436557	0.766242786399272	inactive
11.268425925925925	0.09009259259259217	-0.5243518518518515	0.49855403671946735	10.285714285714286	189.14999999999998	1.2857142857142858	1862.1353502942911	1.1487515559686323	16.59031120676462	40.57663011422509	1.2166	0.289756349897716	0.638098422523242	inactive
12.313906923804112	0.14357136176580565	-0.9299534965025715	0.7654298757934812	14.826086956521738	332.74700000000007	1.0	181951.04353246867	3.4512205930707194	23.195505894267583	61.88648131229696	-0.06279999999999974	0.3348799595006886	0.8207343248501673	inactive
12.375434914145233	0.12129898851718712	-0.9508324661411154	0.7788383085618789	14.64	362.77300000000014	1.12	455344.072630024	3.7489327109260917	23.195505894267583	61.38356573553234	-0.5704999999999996	0.10617551416970825	0.766735344928541	inactive
12.319702590912907	0.1470318930041148	-0.9320246307124009	0.7654298757934812	14.826086956521738	332.74700000000007	1.0434782608695652	179107.53709409034	3.4512205930707194	23.195505894267583	61.88648131229696	-0.06279999999999952	0.1338477193874671	0.7325208028495879	inactive
12.940165122067594	0.17571093935992876	-0.9529646733599024	0.7369461152069461	14.826086956521738	316.2920000000001	1.0	181951.04353246867	3.306297618413342	11.594566004035068	62.68106883960153	-0.5770999999999997	0.2353341974146703	0.7781409464368273	inactive
12.33135412306949	0.16316119953746178	-0.9446725991337626	0.6731421830079837	14.5	326.31200000000007	1.0	318303.40677519434	3.2671695606347106	17.880726527164622	62.42729949025263	-0.9036999999999991	0.40943716535932945	0.888298747916041	inactive
12.342430798918896	0.004858418890220317	-0.9366119784357789	0.752204775001507	14.708333333333334	328.3280000000001	1.0416666666666667	318303.40677519434	3.380272108291333	11.594566004035068	62.42729949025263	-1.2238999999999984	0.11918750718741694	0.7035066986541378	inactive
12.334166336108975	0.1603489864979759	-0.9425291381990928	0.7080984019701261	14.291666666666666	323.31200000000007	1.0416666666666667	318303.40677519434	3.197800276018867	11.594566004035068	62.42729949025263	-0.8445199999999997	0.336559164556961	0.8175706292484101	inactive
12.607290678951726	0.25187025983743094	-4.386884146616602	0.7601871365235974	15.192307692307692	366.29900000000004	0.9615384615384616	580452.3227860898	3.7866588114427007	11.594566004035068	62.42729949025263	0.3026000000000004	0.34339305323605634	0.8288781759340316	inactive
12.446448076067483	0.08573422524044849	-0.8203459819801815	0.8635500839993056	21.333333333333332	370.2160000000001	1.125	266964.99300494924	3.569384196683737	46.73474002618968	33.561156436873816	2.0242	0.3041156022999588	0.9129249143276741	inactive
12.446448076067483	0.08573422524044849	-0.8203459819801815	0.8635500839993056	21.333333333333332	370.2160000000001	1.125	266964.99300494924	3.569384196683737	46.73474002618968	33.561156436873816	2.0242	0.6776031967418464	0.9091189667605571	inactive
12.330362387532302	0.1271158980376148	-0.9181717739516186	0.6259986221015148	14.826086956521738	424.1980000000001	1.0	181951.04353246867	3.6318766696475886	34.18543663110312	60.43403026962103	-0.11159999999999992	0.5584998973946677	0.9196056695394326	inactive
13.727252697081791	0.0312348570301213	-0.9215597363248669	0.20873870073421624	16.88372093023256	598.6720000000004	1.186046511627907	2223265992.5357924	10.153200576724455	29.474089422371303	65.31872330244161	2.8249200000000014	0.17855609816500462	0.909041557610536	inactive
10.313310027714788	0.06832577475434598	-1.2621450617283945	0.5083578733846509	11.384615384615385	305.116	1.3846153846153846	758.764388303685	3.395189861320984	47.264985169866776	38.30423855049888	1.3118	0.7991869679980405	0.949522904331285	inactive
13.604846584467122	0.040931112037713824	-0.9296187641723359	0.5943251822469786	12.8125	433.5520000000002	0.96875	10456399.716068044	5.4372527455027	17.501745733386574	84.07493708882654	5.274900000000005	0.08453083291122071	0.855595133374009	inactive
13.631611394557822	0.0701459225665575	-1.1255591837058632	0.35982908501310756	13.789473684210526	511.5060000000002	0.868421052631579	164740571.39208645	4.563007715249557	23.71853010639764	81.42803599785479	2.23672	0.2026730639663857	0.7810311089868173	inactive
13.941258941108327	0.1341981980528153	-0.9907059922734531	0.259688804682495	12.342105263157896	501.5860000000002	0.7631578947368421	791267425.3896759	5.3934370032894465	17.501745733386574	144.73860777344268	6.607100000000006	0.17791715573208233	0.7547387240178394	inactive
