MaxAbsEStateIndex	pIC50_class
13.113759220911096	active
13.659265991010216	active
13.469540519171652	active
13.59096020588625	active
13.653641564931245	active
12.035428004535149	active
13.636105386650119	active
14.482071183040873	active
12.15211010330058	active
13.763965867160334	active
12.198725329638027	active
12.077094671201815	active
13.730802601854212	active
12.047943436633911	active
13.712172114283472	active
13.181660455478998	active
13.272287021289998	active
13.941258941108327	active
13.51970846286683	active
12.078228930461073	active
13.127666908208033	active
13.5402663141065	active
13.703907651473557	active
13.512688767636682	active
12.895658733802673	active
12.138730631141346	active
13.592280224251722	active
12.076091584782061	active
13.455682594797176	active
13.612429291562812	active
13.715968898252344	active
13.370476662887377	active
13.429033718055631	active
12.927418272864701	active
13.18500747984379	active
13.514011820777693	active
14.02460183610481	active
12.076863189720331	active
13.630762314184931	active
14.02923146573444	active
13.585993808788945	active
13.510682594797176	active
12.223244520030235	active
13.312931311413456	active
13.503721261652808	active
13.449658289241622	active
13.451855434303349	active
13.328459860796169	active
13.449375049019709	active
13.599224668696166	active
13.512688767636682	active
13.537001851296582	active
13.050636889014864	active
13.61595807689084	active
13.483336915784832	active
13.466692623036868	active
13.458771074787938	active
13.439596560846564	active
13.398926760519021	active
13.500682594797176	active
13.472432900259378	active
13.68027150065209	active
12.08054799697657	active
13.594608214631887	active
13.426035618371927	active
13.433663347685261	active
14.260665706097253	active
13.402598235281765	active
14.577302965167547	active
13.61487961388259	active
13.15579821743512	active
13.276916650919626	active
13.380067633534894	active
13.46050517392193	active
13.276916650919626	active
14.182980062816371	active
13.455682594797176	active
13.336353953235715	active
13.642999981628451	active
13.275708144368858	active
13.61595807689084	active
13.439504935850984	active
13.449658289241622	active
14.042005226026504	active
13.374782174845755	active
12.146728080120937	active
12.40170493197279	active
13.687383377880536	active
14.256036076467623	active
12.145102513227513	active
13.340503196649028	active
13.7697930382842	active
13.483336915784832	active
13.619513260064863	active
13.35821271101033	active
13.780260397090997	active
13.7697930382842	active
13.340503196649028	active
13.181217403628118	active
13.443336915784831	active
13.6354102096014	active
13.73032789186356	active
13.41321271101033	active
11.311536438649533	active
12.7746022297808	active
5.072795729402872	active
4.053510015117158	active
10.431481481481482	active
11.530262188208617	active
11.601201420382967	active
13.383894794028722	active
13.594608214631887	active
13.70838037761401	active
13.3152769904258	active
13.394052973041067	active
13.702780444471689	active
13.7697930382842	active
12.358904006046863	active
13.986098259847324	active
13.398926760519021	active
12.475586104812296	active
13.589224668696167	active
13.191750755857896	active
13.261567823518806	active
13.61487961388259	active
11.952276077097505	active
12.111088907785337	active
12.500894431846811	active
12.217133408919125	active
12.37141943814563	active
13.274467102684696	active
13.401942239858908	active
13.545206163885819	active
13.637725024416216	active
12.400570672713531	active
13.467265272878699	active
13.654538611740993	active
13.470991236772486	active
12.90974613160691	active
10.552328889551216	active
12.509200627781976	active
5.341120559334845	active
12.486635487528345	active
12.119168556311415	active
12.89355185343957	active
11.345150419365787	active
5.154818121693122	active
13.368847063002157	active
11.31173469387755	active
11.908478258587385	active
10.881481481481481	active
4.796018518518518	active
11.9021385224774	active
13.252992724867726	active
4.619205719324767	active
13.6354102096014	active
14.324389679884806	active
13.445210560259714	active
13.547698885109599	active
12.875476662887376	active
12.138591584782061	active
13.051434712773998	active
13.092627078609219	active
12.070832581119378	active
12.418034664483077	active
14.014185169438145	active
13.441942239858909	active
13.592806932141798	active
13.767999705179957	active
13.901258941108326	active
13.096851948372962	active
12.022363000755858	active
12.265284584142808	active
12.397362353522166	active
12.379915154256786	active
11.12324074074074	active
13.355271557697153	active
12.090911753590325	active
10.91254582388511	active
13.339757180650038	active
13.57819227499693	active
12.001076152683297	active
13.588678233398754	active
13.216922521066039	active
12.54390447845805	active
13.600755070546736	active
13.053424744897956	active
13.247138999118164	active
13.435870220773495	active
14.146367787855883	active
13.41416446208113	active
13.317790279177512	active
13.616539702945722	active
13.311166472366418	active
12.294826152683296	active
13.560476358441278	active
13.338023280084759	active
13.053424744897956	active
12.255451625094484	active
13.493264553908496	active
13.207739827412446	active
8.460795776643991	active
13.286425043156857	active
9.92201388888889	active
14.470235863036779	active
4.854020009238263	active
12.86880999622071	active
12.27159580498866	active
14.23028688344494	active
13.1801641191456	active
13.14885723733938	active
13.051764872305245	active
12.16887707860922	active
13.051434712773998	active
12.657436696900982	active
13.455495725553597	active
11.623938964474679	active
12.255851993575208	active
13.80073609536407	active
11.397787863264158	active
12.29065381708239	active
12.905093571685384	active
13.967110852477916	active
12.495399659863946	active
12.638094923154448	active
13.472856390643189	active
12.412359624035311	active
13.90820338555277	active
12.641181185437137	active
14.326106693086414	active
12.39987748803225	active
12.358159891188391	active
14.274742583404649	active
12.063576152683297	active
12.27516298185941	active
13.941258941108327	active
12.670476662887376	active
13.895838022740978	active
12.206946806500378	active
12.346911039030449	active
12.635222782218182	active
11.902314814814815	active
13.497379780245943	active
13.435102093306458	active
13.413117698974066	active
13.283709215167548	active
13.771994558530228	active
12.20150604686319	active
9.573829979625033	active
5.733149880322499	active
11.464448223733939	active
4.616097174981103	active
11.714129346182917	active
13.590142103464753	active
13.951485852477916	active
14.259939019589314	active
13.312472320348403	active
13.72754453006843	active
11.407341864343543	active
12.511903526109199	active
5.048148148148148	active
13.16042389280815	active
13.370714530812837	active
13.902421492548655	active
13.366599304475388	active
13.93583802274098	active
12.621229765054169	active
12.815329452035126	active
4.590130385487528	active
13.613949973835126	active
13.60961928772081	active
12.395602726831985	active
12.248455057949105	active
13.483313098387502	active
12.824916855631141	active
12.911793272864701	active
13.093802656350606	active
13.329371653754091	active
13.827299985233406	active
12.623411281179138	active
12.585354098429494	active
13.349722887241825	active
13.38416973733938	active
12.644084939531368	active
13.240708144368856	active
12.34048560894465	active
12.23980253212396	active
13.628465765156957	active
12.28204790249433	active
12.508832108237424	active
13.038276948592756	active
12.178543083900227	active
9.993444822373394	active
11.744530029604434	active
13.72555230215563	active
13.69032789186356	active
13.286054894179895	active
12.896587773998487	active
13.850683155215775	active
12.840754440665155	active
12.522066227026786	active
13.02455709701576	active
13.271568011463845	active
13.136448885109598	active
13.786849159299834	active
13.497234977324261	active
13.688131535021416	active
13.542459608843537	active
13.393727743067501	active
13.424717218307588	active
14.125456113000755	active
13.68309578924162	active
13.681577891863562	active
12.018271289997479	active
11.918306957042077	active
13.411634070294784	active
12.36747118291761	active
12.895658733802673	active
11.339058484504914	active
12.735234788359788	active
13.673800114085783	active
14.209386324700386	active
13.60892821712018	active
11.996909486016628	active
13.418000283446712	active
12.221811539430586	active
12.261949247291511	active
12.916448885109599	active
13.161128275384229	active
12.57367507922973	active
13.027626239056314	active
13.847791477702192	active
12.728654099661494	active
13.757011999244142	active
10.893846371882086	active
13.256486433195187	active
11.399458459309649	active
13.544104448363708	active
14.133268613000755	active
13.980412578943422	active
13.527097033257746	active
13.848132134807612	active
12.223090986394556	active
13.774737895840664	active
12.930808453010833	active
12.649889845795364	active
13.273709215167548	active
12.402502204585538	active
13.364253625463043	active
12.960068456729505	active
12.997757714660187	active
13.466678307546363	active
13.250965302417773	active
13.189696040545398	active
13.575217269778282	active
12.178790627362055	active
13.188390495086924	active
13.547698885109599	active
12.499179421768705	active
13.228562122262797	active
13.262704270240587	active
13.032235922146636	active
14.324607549070027	active
14.41279793398841	active
12.15838246409675	active
13.08204266692903	active
5.44511213936941	active
13.272287021289998	active
13.498443405139833	active
13.720454565936965	active
12.351610751277128	active
13.32848970143613	active
13.261291650919626	active
12.32970559159878	active
11.74307854623331	active
12.255926765768034	active
13.33882152669761	active
12.30544866829499	active
11.35292044595616	active
12.957298962794994	active
13.254226662887376	active
14.58767417375455	active
13.216089747627446	active
13.500682594797176	active
13.260965302417773	active
12.245010865457292	active
12.197483369376556	active
13.169536328420257	active
14.205592744813973	active
12.741908081111792	active
14.092818011463843	active
12.312249079817622	active
9.917685185185185	active
9.374814814814815	active
13.058115551776265	active
13.56271450634636	active
13.332369308464635	active
14.011986951473784	active
14.209386324700386	active
13.108482142857143	active
11.644280124086672	active
13.71578585600907	active
12.350771447467876	active
13.72157789186356	active
12.186408257747543	active
13.230068657092467	active
12.354503968253967	active
13.249257863896588	active
14.314952353784651	active
13.202863284202568	active
13.64108229402872	active
13.931258941108325	active
13.73437035462333	active
12.203379629629628	active
13.164733651743724	active
12.427183484504912	active
13.111061025547858	active
12.19119142101285	active
13.24943357898715	active
12.224891266691863	active
13.394335789871503	active
11.461718676145082	active
12.062860922146635	active
12.799141891324432	active
13.714824570291533	active
5.828705435878055	active
13.817093804247033	active
13.96539047409087	active
14.314952353784651	active
12.863254440665154	active
13.885894834271156	active
13.458308295540437	active
11.758815577960599	active
13.51243472852104	active
12.812044123204839	active
12.574662733550719	active
13.232624677185688	active
13.993026476022507	active
13.90113020905995	active
14.221099315146935	active
12.014444129503651	active
11.51602560468632	active
11.943859479665758	active
12.287834939531368	active
13.022143329554043	active
12.258028155706727	active
13.391153618140452	active
12.59989276266062	active
13.466678307546363	active
13.685952891863561	active
8.81734536257763	active
13.564458144368857	active
12.004777966742253	active
13.674897959183674	active
13.36833484166547	active
12.028563869992439	active
5.857655772893348	active
11.212870370370371	active
12.691958144368858	active
14.241674146510455	active
13.395853804484757	active
12.988208144368858	active
14.058994201879301	active
12.459680994964875	active
12.98285451835055	active
12.201233369376556	active
14.135814364440805	active
11.671593561360877	active
13.738250085177171	active
11.592971354191661	active
13.614181136446348	active
13.305198885109599	active
12.34082490866717	active
12.58922052154195	active
12.62649754346183	active
14.05357181614723	active
12.77957236333086	active
13.264693011463844	active
14.138689531368101	active
13.180932539682539	active
12.223658352229782	active
10.273657829406847	active
13.443336915784831	active
13.233277116402116	active
13.562883558515999	active
13.369271477530404	active
13.74513770786092	active
13.867929579239101	active
13.466678307546363	active
13.188878023431595	active
13.76351883345931	active
12.538324713482888	active
12.612300233092636	active
12.858624811035524	active
12.176104217551728	active
4.894198790627362	active
14.039533954000945	active
13.027626239056314	active
11.434510228027543	active
12.358571393867209	active
13.536343051881246	active
13.925633941108327	active
13.312378590325018	active
6.056157407407408	active
13.200227422389219	active
13.676448373330814	active
14.117250109413778	active
14.229328467498108	active
13.459190247858402	active
13.181217403628118	active
13.73032789186356	active
13.24667217813051	active
13.891536718886105	active
13.306469907407408	active
12.478275699168556	active
12.689550815696649	active
13.565682594797176	active
12.424044863315697	active
14.238559382086166	active
12.341467912782397	active
13.825741650858893	active
12.104512428058154	active
11.64716017888637	active
12.373967186813505	active
11.565951241598997	active
13.78798044217687	active
13.022208010519021	active
13.412467403628117	active
11.649098365292447	active
12.93715978521038	active
13.396224924032463	active
13.623007015306122	active
13.473344974213031	active
12.716566987906273	active
12.211939602229782	active
12.83536328420257	active
14.161695471385675	active
13.60357743272674	active
13.758097915091962	active
13.661904460098697	active
14.150243122361179	active
11.854450866026443	active
12.397641386221972	active
13.224226662887375	active
13.478152508313633	active
13.649365630511465	active
13.03221773431595	active
13.932682980599646	active
13.396240473041068	active
12.585996315192743	active
12.341070798689845	active
13.757011999244142	active
13.681169728598254	active
13.728477969024055	active
13.478152508313633	active
12.916448885109599	active
13.072004440665154	active
12.130349584278157	active
12.96429720962459	active
11.948155706727135	active
12.426633807844127	active
13.29783878686372	active
12.937026171579742	active
12.841054579239103	active
14.203130323660835	active
12.832073885109597	active
12.282571806500378	active
13.604846584467122	active
13.114932061935578	active
13.337631028491643	active
11.83543965734442	active
11.21865861468044	active
12.473499622071051	active
11.574061634346627	active
13.531538643235072	active
13.017364794168696	active
12.830125188964473	active
12.361740835222978	active
12.191195200302342	active
12.732324735449735	active
14.09744764109347	active
13.632741481936106	active
13.406267951625095	active
12.899640495086924	active
13.64108229402872	active
12.692952176240865	active
13.630897108843538	active
12.406739260519021	active
12.626716742252455	active
12.412834939531368	active
13.255679799697656	active
13.71439524964443	active
12.114874811035524	active
13.833761594610397	active
12.674716843502015	active
13.106504157218442	active
12.489661359914336	active
13.133350497606452	active
13.127883729325829	active
13.290590243073556	active
14.256119826049062	active
11.367646132527085	active
13.800837390351557	active
11.497684393928981	active
13.224577830762444	active
14.111268865331745	active
11.05663312547241	active
12.209428539934493	active
14.008670319979842	active
13.25011300265013	active
13.524534130992466	active
12.99992110733182	active
13.50800520537263	active
13.145182508188462	active
13.223326955782314	active
14.056233324001386	active
12.27758558515999	active
14.190909651816037	active
12.638310575607653	active
14.19762223216498	active
13.548185862307886	active
5.031635802469135	active
12.342627068297208	active
12.98667224103191	active
12.225926765768033	active
13.58344725893495	active
13.540645904195014	active
13.63173044217687	active
12.808158068783069	active
13.70946908856135	active
11.742638311497437	active
12.75486079617032	active
13.674103283964845	active
12.696674387259026	active
12.380887188208618	active
13.715151801461325	active
13.312218745943944	active
13.067552560407899	active
12.759968820861678	active
5.4034328021331985	active
13.531538643235072	active
12.85880716175359	active
12.532483369376557	active
13.658655675233057	active
13.555105780738222	active
12.728113607472373	active
13.41800028344671	active
13.645668356848912	active
13.749531875652007	active
13.455682594797176	active
11.790501821711235	active
10.646602478616472	active
13.398926760519021	active
12.79874716553288	active
12.413160279658747	active
11.933892668178384	active
13.701577891863561	active
12.937834939531369	active
12.134466647770218	active
13.160527762030737	active
13.713481981157171	active
13.80073609536407	active
14.11490930423685	active
12.76195885298564	active
11.925648148148149	active
13.268079394823772	active
13.466678307546363	active
12.759733902332831	active
12.698852513227514	active
12.541710758377423	active
12.99886585916889	active
13.451855434303349	active
11.459166666666667	active
13.027187965470343	active
11.629585050324588	active
13.249494240227467	active
13.787498562929589	active
14.333266809248952	active
12.714158084530109	active
13.195450890232635	active
12.670476662887376	active
12.706584939531368	active
12.969158696914981	active
11.537189461187547	active
13.69032789186356	active
12.197958711262281	active
13.328008347839695	active
13.837519220281216	active
13.202290879314688	active
13.577068806689343	active
12.869725056689342	active
12.556232993197279	active
12.836646037265801	active
13.925633941108327	active
13.46381835104463	active
13.842682980599646	active
11.774399959057698	active
13.320708144368858	active
12.560823412698412	active
13.304792296548248	active
14.297140967498109	active
12.653091695011337	active
13.447036844862422	active
5.324333427815571	active
5.4676889607231836	active
12.472942176870749	active
12.387920288485766	active
13.646272321428572	active
12.11104686318972	active
14.055845222348196	active
13.69907789186356	active
12.50908871882086	active
14.238559382086166	active
13.153430124268867	active
13.376599304475388	active
14.026686507936507	active
13.299551760519023	active
13.914309702275972	active
14.17870057052874	active
13.746911060720583	active
13.525020904195014	active
6.071309086391758	active
13.176608761592076	active
13.650963679453263	active
12.924294847568657	active
13.958880399803018	active
10.520736305324599	active
12.15080073696145	active
13.838614928900597	active
12.058190114008568	active
10.874790249433106	active
13.132225450365329	active
13.87903612370874	active
12.679713933538025	active
10.833973922902494	active
12.733794879062735	active
14.45660087744413	active
11.582117189902181	active
13.637725024416216	active
13.819528203243552	active
11.992000661375661	active
13.784680991223649	active
13.820320732491545	active
13.023523085159988	active
12.218328171948302	active
13.744077891863562	active
13.805877739984881	active
11.626553287981858	active
12.743250661375662	active
14.125540853354288	active
5.028790863567649	active
12.884735922146636	active
12.64498714866605	active
14.299486646510456	active
12.451823418684889	active
12.869400273998487	active
14.142549918115392	active
12.293199247291511	active
12.066545729402872	active
11.368037079029142	active
12.364358238295827	active
8.82218820861678	active
11.21865861468044	active
13.640497474647752	active
13.689059504379655	active
12.78558349252662	active
9.993444822373394	active
13.735575469704258	active
13.466678307546363	active
14.15296658478206	active
12.420300506004871	active
14.168534419963613	active
12.783679567840615	active
12.190672241118671	active
13.287534687518	active
12.154874811035526	active
13.743172634794659	active
6.458465136054423	active
13.345577286470142	active
13.397868881559358	active
12.68868184069671	active
13.252341277215915	active
13.34396726977828	active
11.647777305366592	active
14.221099315146935	active
13.010912226001512	active
12.321811539430588	active
14.238559382086166	active
14.27311949374564	active
13.855892542202064	active
12.717849740969502	active
12.455800264550263	active
12.823254440665153	active
12.127097033257746	active
12.747324735449736	active
13.977698885109598	active
12.25313633786848	active
12.10641723356009	active
13.594689114071556	active
13.429836881926526	active
12.480634640832152	active
12.844910924246243	active
12.354011147154335	active
12.176576199924414	active
13.740781875652006	active
14.14376693404707	active
10.999678646427197	active
12.670476662887376	inactive
13.261262113290883	active
13.74297234676699	active
12.290952853363567	active
13.537747543461828	active
13.78792225686571	active
13.030287943511247	active
12.76641545471216	active
11.64492689469421	active
12.556232993197279	active
14.276213584971021	active
13.686743843753451	active
13.611580963403881	active
12.387296390778534	active
12.139249811035524	active
14.214795288485764	active
12.039500661375662	active
12.823254440665153	active
13.241708238851096	active
12.129494047619048	active
13.865056374401613	active
13.644629695676098	active
13.449658289241622	active
12.032000661375662	active
13.746859479839278	active
13.66157789186356	active
13.849957719198787	active
13.144875755857896	active
13.254838096778784	active
12.175577758881332	active
13.515766920194004	active
12.895473828420254	active
13.472210625807307	active
13.701068594104308	active
13.687525091504861	active
14.123486283992026	active
14.1801425337329	active
13.718225930835752	active
12.253293020912068	active
12.257619257579575	active
12.348392268978383	active
12.97165741105135	active
13.313665505203206	active
12.859888569922457	active
13.566780592268284	active
12.365429557548966	active
12.663654415469892	active
12.450264926443829	active
13.34400888133031	active
12.491839101331692	active
12.225638699924414	active
4.125246126228269	active
12.124428382464098	active
14.097552939659945	active
13.908760085263062	active
13.288644690602649	active
12.806865551776266	active
14.50315562376236	active
14.22531756030899	active
12.950632296128328	active
11.989752771478962	active
14.275689064205928	active
5.294334609494241	active
13.2817021499958	active
12.234629629629628	active
12.901112056797515	active
14.311446811749391	active
14.123336329608875	active
13.15695167058593	active
12.847243456679092	active
13.559485067576926	active
13.36425362546304	active
14.318778673927483	active
13.343570050101038	active
14.131802747333502	active
13.258058075081884	active
13.716366134672777	active
14.155589707233482	active
12.39762329931973	active
11.694853788737717	active
12.297543461829177	active
12.334958427815572	active
12.24106465734442	active
11.932476379440665	active
12.419543178382465	active
13.65406462585034	active
12.536436602418746	active
13.126196617535903	active
12.504228878317985	active
13.413797693693006	inactive
4.756018518518518	inactive
13.662241433610479	inactive
13.537957135690721	inactive
13.17520809712774	inactive
13.519597033257746	inactive
14.339453656571035	inactive
12.539518613000755	inactive
11.912514076103694	inactive
13.276916650919626	inactive
12.22498299319728	inactive
13.51316275352734	inactive
13.610431272045858	inactive
13.452903283459325	inactive
13.205152588813302	inactive
12.017516061980347	inactive
13.691674973230034	inactive
13.311043713781807	inactive
12.074044272801713	inactive
12.043574735449734	inactive
12.773624811035525	inactive
13.824878196649028	inactive
12.508786478038823	inactive
11.939225403124212	inactive
12.340656651549509	inactive
13.503478499985778	inactive
14.178375713194296	inactive
11.212870370370371	inactive
13.678485922146635	inactive
12.714643014613252	inactive
9.802662037037038	inactive
13.53232662509448	inactive
12.257933358528597	inactive
13.381339955939524	inactive
12.005717120181405	inactive
2.3798091458805746	inactive
14.137706143063285	inactive
14.19966677898461	inactive
13.271148536864324	inactive
12.141428807634163	inactive
14.02923146573444	inactive
13.613729406516203	inactive
13.726803981936106	inactive
13.82975442405051	inactive
12.392256697926836	inactive
13.619513260064863	inactive
14.250229035924935	inactive
14.173002052494295	inactive
13.08697694472902	inactive
12.098600245653817	inactive
13.671539656100304	inactive
13.154276738473165	inactive
14.427750462520482	inactive
12.510938538489112	inactive
11.437843561360877	inactive
12.851206538170823	inactive
11.130016534391533	inactive
13.586418210050063	inactive
13.625460005295864	inactive
13.728244558530228	inactive
13.443336915784831	inactive
12.028563869992439	inactive
8.736323089866007	inactive
14.207997409611991	inactive
13.211353206010493	inactive
14.262705095442497	inactive
12.590530045351473	inactive
12.61351095993953	inactive
12.086658635676493	inactive
13.476669396153522	inactive
11.81183484504913	inactive
12.702761147154334	inactive
14.114298802114456	inactive
5.095544393995803	inactive
14.151335328185768	inactive
13.742417250864586	inactive
13.652780830339227	inactive
14.199948908014383	inactive
12.02806783824641	inactive
13.340503196649028	inactive
12.06467970521542	inactive
13.467782136757364	inactive
11.470475945811444	inactive
13.016831578514479	inactive
13.128410073906107	inactive
12.40588955026455	inactive
10.069182964852608	inactive
12.164238473167044	inactive
12.38399108717561	inactive
13.733554833179273	inactive
13.594608214631887	inactive
11.541574074074074	inactive
13.61595807689084	inactive
13.599137691246277	inactive
13.73032789186356	inactive
13.713470648602772	inactive
13.58293036659108	inactive
11.76360658383724	inactive
13.653197593852354	inactive
12.976187851683882	inactive
12.162719277525827	inactive
13.178481355505165	inactive
13.734911225196893	inactive
13.314951513433655	inactive
12.203440885613503	inactive
13.351409802195683	inactive
13.61487961388259	inactive
11.982397486772488	inactive
13.553512936208781	inactive
13.067716455552993	inactive
12.172515957000083	inactive
13.997638030827062	inactive
13.531538643235072	inactive
11.689748887209205	inactive
13.076334089191231	inactive
13.208130642906076	inactive
12.584566326530613	inactive
11.682082749136441	inactive
13.86046678075245	inactive
12.26360936144005	inactive
10.993820660506476	inactive
12.771556594860165	inactive
11.822941545870005	inactive
14.256770635627733	inactive
12.78207924561009	inactive
13.398029799133763	inactive
13.483336915784832	inactive
13.313179054978988	inactive
13.908097166239976	inactive
13.021684145880576	inactive
12.203399313429074	inactive
2.6122685185185186	inactive
13.334833167849908	inactive
12.609084939531368	inactive
13.083981459203528	inactive
12.282571806500378	inactive
13.466678307546363	inactive
14.240698734645118	inactive
13.37058077207518	inactive
11.632913307362399	inactive
13.169458144368857	inactive
12.086009070294786	inactive
12.106437389770722	inactive
12.310906662047534	inactive
11.454769640332412	inactive
13.456063595395307	inactive
11.956280706727135	inactive
11.268425925925925	inactive
6.254267197632547	inactive
12.342430798918896	inactive
13.288644690602649	inactive
11.776521852032314	inactive
12.10198365457294	inactive
12.480727867535904	inactive
12.438445294784582	inactive
12.379869641829272	inactive
12.637713100142957	inactive
11.646342592592593	inactive
12.872300878684808	inactive
12.612684424078275	inactive
11.938624328863776	inactive
13.229887723607963	inactive
13.56390164399093	inactive
12.205909273431594	inactive
10.904498771730914	inactive
10.4228941568092	inactive
12.031900510204082	inactive
12.334166336108975	inactive
6.101299340723944	inactive
10.795761526832955	inactive
15.350850729774827	inactive
13.727252697081791	inactive
11.787664294112705	inactive
12.607290678951726	inactive
12.446448076067483	inactive
12.446448076067483	inactive
12.330362387532302	inactive
11.799960737381372	inactive
12.649007542831948	inactive
11.142546296296295	inactive
11.845030155580751	inactive
2.42008993338916	inactive
14.161317572226888	inactive
11.261375263903307	inactive
12.67700176366843	inactive
12.940165122067594	inactive
11.374751904524182	inactive
12.375434914145233	inactive
14.45660087744413	inactive
5.311495995671612	inactive
5.377353316326531	inactive
13.611397350645184	inactive
12.313906923804112	inactive
5.581143235071806	inactive
12.994412746404887	inactive
12.89780536174507	inactive
12.184452554169816	inactive
13.229887723607963	inactive
12.748456160241874	inactive
12.319702590912907	inactive
12.649007542831948	inactive
12.39362932431926	inactive
5.90623078861174	inactive
5.02974678760393	inactive
12.81704936375887	inactive
12.33135412306949	inactive
4.4344855442176865	inactive
3.449898746535651	inactive
12.993254440665154	inactive
13.407840008313633	inactive
13.103515054169815	inactive
13.734303981936106	inactive
11.529562642209267	inactive
10.313310027714788	inactive
13.366599304475386	inactive
13.757011999244142	inactive
13.527097033257746	inactive
12.433020360108443	inactive
11.891186696900983	inactive
13.05649896069539	inactive
12.858009259259259	inactive
11.7739728960914	inactive
12.940569255479968	inactive
12.142516061980347	inactive
13.065030444276477	inactive
12.44100566718457	inactive
13.306077723916829	inactive
14.148645262789035	inactive
12.496743039808514	inactive
14.075284008269668	inactive
11.92378306878307	inactive
12.114874811035524	inactive
4.59581427941547	inactive
12.035933484504913	inactive
12.111081309838749	inactive
13.882725288079723	inactive
13.551195304415003	inactive
13.542964851740104	inactive
13.705893092480846	inactive
13.611448814108412	inactive
12.743129215443497	inactive
12.924921107331823	inactive
13.337686025027294	inactive
12.17346419123205	inactive
13.21241143027714	inactive
13.486865630368147	inactive
13.383900891776975	inactive
12.401742754800114	inactive
13.404136117409926	inactive
13.702780444471689	inactive
13.82947376560562	inactive
12.494149659863947	inactive
12.138600245653816	inactive
13.41191564861839	inactive
14.269076239292009	inactive
13.755827427325894	inactive
13.433165999985778	inactive
12.28273507965833	inactive
12.014674981103552	inactive
13.94986337152886	inactive
11.883182791635171	inactive
13.794494558530229	inactive
13.445657781708329	inactive
14.179861790446205	inactive
13.413117698974066	inactive
13.88599821091073	inactive
11.863408919123206	inactive
13.28596308893928	inactive
13.549381173013026	inactive
12.531741136764655	inactive
12.290048107205845	inactive
13.289270224708083	inactive
13.615400898804578	inactive
13.233187524639995	inactive
12.639643408145925	inactive
13.674731981157171	inactive
13.194300673973292	inactive
12.347999496094733	inactive
13.755575469704258	inactive
12.854147297808012	inactive
12.925844516456163	inactive
12.194427437641725	inactive
14.174218906602789	inactive
13.512688767636682	inactive
13.270780738221216	inactive
13.652195175814178	inactive
12.20337962962963	inactive
13.050636889014864	inactive
13.038638586441616	inactive
13.738062754728972	inactive
14.314952353784651	inactive
12.48851842228661	inactive
12.949850403124213	inactive
11.470032071904367	inactive
12.875476662887376	inactive
12.688990258382637	inactive
13.637589337336811	inactive
13.757678071904714	inactive
12.984450174617173	inactive
12.825242346938776	inactive
13.759900294126936	inactive
13.250514775711835	inactive
13.742967019981187	inactive
13.80782789186356	inactive
13.581681272045856	inactive
12.238880857898714	inactive
12.605314465126424	inactive
13.466678307546363	inactive
11.576276222872682	inactive
11.863408919123206	inactive
12.460445464661735	inactive
12.215277305366591	inactive
14.197580742945323	inactive
12.245471466364322	inactive
13.571714851740104	inactive
12.789434287603932	inactive
13.051980820105818	inactive
13.604846584467122	inactive
13.176004031242126	inactive
13.414041477702192	inactive
13.535986000738514	inactive
14.301751848478663	inactive
12.332809429327288	inactive
12.735453987150414	inactive
13.578686617298178	inactive
12.567087112622826	inactive
13.048268613000754	inactive
12.863254440665154	inactive
13.365327930147936	inactive
13.738095036160061	inactive
13.41127346308894	inactive
13.992617709120683	inactive
12.214945830183925	inactive
12.134466647770218	inactive
14.14818593106562	inactive
13.001678072208374	inactive
12.072512440161251	inactive
12.52293036659108	inactive
12.299255007558578	inactive
14.34645440924228	inactive
13.960957908649174	inactive
13.76685947983928	inactive
12.729141313932981	inactive
12.636878424981104	inactive
14.209386324700386	inactive
13.635473198538675	inactive
13.493312050516446	inactive
12.274694530207245	inactive
13.297534687517999	inactive
12.022221749811035	inactive
12.250258036499467	inactive
13.631611394557822	inactive
11.61645390247212	inactive
14.006686507936507	inactive
14.200142473957962	inactive
12.647573095386083	inactive
12.169206585411942	inactive
12.555894431846813	inactive
13.275708144368858	inactive
12.223468915343915	inactive
13.570185563244275	inactive
12.562920288485765	inactive
14.069963662838617	inactive
13.49136824117975	inactive
12.916448885109599	inactive
13.734911225196893	inactive
13.589597033257746	inactive
11.78458029281633	inactive
12.114874811035524	inactive
13.802605347694632	inactive
12.294728206097254	inactive
13.831829491055682	inactive
13.657589337336812	inactive
12.171069197740824	inactive
12.413307823129252	inactive
13.914766570527306	inactive
11.948890778533636	inactive
11.98765306122449	inactive
13.24057366917132	inactive
14.155787941624208	inactive
12.896079500529009	inactive
12.291074184303351	inactive
12.624982993197278	inactive
13.722245973139282	inactive
11.501368102796674	inactive
12.837955719324768	inactive
13.350576262912574	inactive
11.835631141345427	inactive
14.221099315146935	inactive
11.841042882728699	inactive
13.044458144368857	inactive
13.905998210910731	inactive
13.740202427325894	inactive
11.933867630385487	inactive
13.64108229402872	inactive
13.390865299823634	inactive
13.505879865835222	inactive
12.025729402872258	inactive
13.485439480786704	inactive
13.794494558530229	inactive
13.597019950631513	inactive
12.11355261085916	inactive
12.278664808515998	inactive
12.993254440665154	inactive
11.61148726884387	inactive
12.159830719324766	inactive
11.198399116916432	inactive
12.168310972537164	inactive
12.07131708238851	inactive
11.711186696900983	inactive
12.130704365079364	inactive
13.79061761038718	inactive
11.719064153439154	inactive
12.991406368102796	inactive
11.733590325018897	inactive
13.660867293581038	inactive
12.242932256235829	inactive
13.25185086766188	inactive
14.256036076467623	inactive
13.05721875787352	inactive
13.272287021289998	inactive
13.600360685073436	inactive
13.207374811035525	inactive
12.282571806500377	inactive
12.161388416477703	inactive
12.187760770975057	inactive
12.086658635676493	inactive
13.731323381204334	inactive
13.195204116770675	inactive
12.171586356764928	inactive
12.982554924415945	inactive
13.584642148526077	inactive
12.266599111866968	inactive
13.681875392808383	inactive
12.865090702947846	inactive
13.327649754346183	inactive
13.830195672149586	inactive
11.91191373771731	inactive
12.790187389770722	inactive
12.497441804764506	inactive
14.065206562116735	inactive
12.728190665154951	inactive
13.749725030444274	inactive
13.625696333221585	inactive
13.839687630357723	inactive
11.983708427815571	inactive
11.752297808012095	inactive
9.833607331821618	inactive
13.3217968946838	inactive
12.244335711136305	inactive
13.691559887748333	inactive
13.582280311446077	inactive
12.134466647770218	inactive
13.764952377460268	inactive
12.647410241874528	inactive
12.192023337112623	inactive
13.650337536925289	inactive
13.82331175911009	inactive
12.652899659863944	inactive
13.004896376486453	inactive
12.685249905517761	inactive
11.581871378180903	inactive
12.459918517035534	inactive
12.599755291005291	inactive
12.777422524565381	inactive
12.209877251826658	inactive
12.890560909549006	inactive
13.837966780752451	inactive
13.275590986394556	inactive
12.199304610733183	inactive
13.583329435073438	inactive
13.395147103594521	inactive
12.106688869992439	inactive
13.89180937334504	inactive
13.450749781685307	inactive
13.748418812645454	inactive
12.540447058453012	inactive
13.86972604001171	inactive
13.704261856653181	inactive
13.12017431972789	inactive
13.0264559712774	inactive
12.685894746787604	inactive
12.418268613000755	inactive
13.885219784207429	inactive
13.464597033257746	inactive
12.550908919123206	inactive
12.378020282186949	inactive
13.490566617850845	inactive
14.02460183610481	inactive
13.320708144368858	inactive
13.709500085177169	inactive
11.988990142353238	inactive
13.774540854826522	inactive
12.517523305618543	inactive
13.676295035665527	inactive
14.014185169438145	inactive
12.812482993197278	inactive
12.555894431846811	inactive
13.478152508313633	inactive
13.026935941043085	inactive
12.032000661375662	inactive
13.46752853000765	inactive
13.996771384479715	inactive
13.969148085159988	inactive
13.775532712336084	inactive
13.941258941108327	inactive
13.498943806689343	inactive
13.584438421201817	inactive
13.534138182166382	inactive
13.172701365268331	inactive
13.526107449924414	inactive
11.800802626606199	inactive
11.716796579743008	inactive
11.052203798185941	inactive
13.61698680398085	inactive
13.682798485134796	inactive
12.894580341395818	inactive
13.253580719324766	inactive
12.578686696900983	inactive
12.288878180901989	inactive
12.316655958679767	inactive
13.354523760505383	inactive
13.501175111327793	inactive
13.384068219473544	inactive
13.303270316979212	inactive
11.740651927437643	inactive
12.0006711388259	inactive
12.120353363567649	inactive
13.120974672238722	inactive
13.491181336297817	inactive
13.454350035730254	inactive
12.432703924162258	inactive
12.959818909045099	inactive
12.444569069688672	inactive
13.417322672717695	inactive
13.101290347559289	inactive
13.229219786680105	inactive
13.203156686542929	inactive
13.118167040310212	inactive
13.101237388765174	inactive
13.25093002015621	inactive
13.270052437641723	inactive
12.291491612076928	inactive
11.852341269841268	inactive
12.212484882842025	inactive
12.063711262282691	inactive
12.19698436318972	inactive
12.347697467876039	inactive
12.420300506004871	inactive
11.296847915091963	inactive
11.91708664021164	inactive
11.186267864612992	inactive
13.458849916715316	inactive
13.539904887881079	inactive
13.096216773746537	inactive
12.449341773746536	inactive
12.893029887881077	inactive
13.482147773863144	inactive
13.357014518770473	inactive
12.809464994331066	inactive
13.206838816947043	inactive
13.03475970017637	inactive
13.367989610597835	inactive
13.045734792003731	inactive
12.531121198109384	inactive
11.823408919123207	inactive
12.134466647770218	inactive
12.031352513227514	inactive
12.10088955026455	inactive
12.29149612622827	inactive
8.491413454270596	inactive
12.530550581356408	inactive
11.803335222978081	inactive
8.238178382464097	inactive
12.496884763164523	inactive
11.851050170068028	inactive
8.41148148148148	inactive
13.65844169739384	inactive
11.98859410430839	inactive
12.685303445452256	inactive
8.210400604686319	inactive
12.386338340891912	inactive
8.285372260015118	inactive
12.283318846056941	inactive
8.228395061728396	inactive
11.636443846056942	inactive
8.622498897707231	inactive
12.74229119425548	inactive
11.89629865835223	inactive
8.794186402956244	inactive
12.785414462081128	inactive
8.880448685647098	inactive
12.201856103552533	inactive
11.672571806500377	inactive
8.80929381815475	inactive
12.366109624035307	inactive
11.581368102796674	inactive
9.016686402956244	inactive
9.03179381815475	inactive
8.713913454270596	inactive
8.63398148148148	inactive
12.20681642101285	inactive
12.44224820483749	inactive
11.849058799445704	inactive
13.294348623708743	inactive
12.440423171827995	inactive
12.265677437641724	inactive
12.470492252456538	inactive
13.056599741748553	inactive
12.387402249675047	inactive
12.68407608981413	inactive
12.547635181291717	inactive
12.468137852105071	inactive
12.372043156039055	inactive
13.176642451363772	inactive
11.992000661375663	inactive
12.440230326195472	inactive
12.847698885109597	inactive
12.40669874808004	inactive
13.23303162005543	inactive
12.556232993197279	inactive
13.510968168335594	inactive
13.452184357749836	inactive
12.821046390778534	inactive
11.999500661375661	inactive
11.992425831443688	inactive
12.097363315696649	inactive
12.056341647770218	inactive
13.013268613000754	inactive
13.128699058327033	inactive
13.200531620055429	inactive
12.654043839758124	inactive
12.654043839758124	inactive
12.258522499309384	inactive
12.793268613000755	inactive
11.65204081632653	inactive
11.892710695389267	inactive
11.847158919123206	inactive
12.021413926681785	inactive
12.054293745275888	inactive
11.536111111111111	inactive
12.088419784580498	inactive
13.058115551776265	inactive
13.058115551776265	inactive
12.47773864638448	inactive
12.13605261085916	inactive
12.86432775888133	inactive
12.892128684807256	inactive
12.749165721844292	inactive
12.229968505920887	inactive
12.41507416855631	inactive
13.2369034234064	inactive
11.232012130469471	inactive
12.103725907029478	inactive
12.781243858654571	inactive
13.98940759637188	inactive
13.901114928900597	inactive
14.109838435374147	inactive
13.98001984126984	inactive
14.006130952380952	inactive
13.93518900297467	inactive
13.96296678075245	inactive
14.12170827735109	inactive
13.984077891863562	inactive
13.497547688430904	inactive
13.733301523445823	inactive
13.712463347897828	inactive
14.089908242120117	inactive
13.746020328560462	inactive
13.946907516769077	inactive
13.945903053676323	inactive
14.262689002974671	inactive
14.336022336308005	inactive
13.816241416995835	inactive
15.099521295380228	inactive
13.661092607472025	inactive
13.789261187403998	inactive
13.930950283356973	inactive
13.491527481531577	inactive
13.839488977191923	inactive
12.326742252456537	inactive
13.761523690054535	inactive
13.066113142670961	inactive
13.003651861890049	inactive
13.047453231292515	inactive
13.198375377928949	inactive
13.484166595089214	inactive
13.59276012135545	inactive
12.111252204585536	inactive
13.239951937475837	inactive
13.226063048586948	inactive
12.513332860922148	inactive
12.012833994708995	inactive
12.354520030234315	inactive
12.796377918886417	inactive
13.358434120893536	inactive
13.741523690054533	inactive
13.00651171579743	inactive
13.144723639455782	inactive
12.726491402116402	inactive
12.804076278659611	inactive
11.985056216931216	inactive
12.882322215923406	inactive
13.155872543461829	inactive
13.284516695022788	inactive
13.330315593094411	inactive
13.450430532954432	inactive
12.677880291005291	inactive
13.995849690516447	inactive
12.854501606198035	inactive
12.46947231670446	inactive
11.738588907785337	inactive
12.334147035357352	inactive
13.525639959687577	inactive
13.163028155706726	inactive
13.14366969009826	inactive
13.071319916855632	inactive
13.130544982224624	inactive
13.005333679768203	inactive
13.045383755353992	inactive
13.091728080120937	inactive
13.64381566515495	inactive
13.166412561938355	inactive
12.914481056311413	inactive
12.886691704459562	inactive
12.729286029226504	inactive
12.744311381960191	inactive
13.020288092088688	inactive
12.76716372197027	inactive
13.467941537011704	inactive
13.063950302343159	inactive
13.250469576719576	inactive
13.112534328546232	inactive
13.04221025447216	inactive
12.420639644746787	inactive
12.8040411627614	inactive
13.96595664002771	inactive
13.93881885768645	inactive
13.125222505668933	inactive
12.790238410178885	inactive
12.938717718568908	inactive
13.755419264060588	inactive
13.816943931798054	inactive
14.57122689969978	inactive
13.650806326292889	inactive
13.701875392808384	inactive
13.711559887748335	inactive
13.859687630357723	inactive
13.775827427325893	inactive
13.850977969024056	inactive
13.602474882604302	inactive
13.48428197978058	inactive
13.760202427325893	inactive
13.734798515761266	inactive
13.846200824771802	inactive
13.489384020596907	inactive
13.855933168696517	inactive
13.799462316466737	inactive
13.654078718583136	inactive
13.862142265761268	inactive
13.591359913468498	inactive
13.670337536925288	inactive
13.776579348464722	inactive
13.779736629895812	inactive
13.765378794168928	inactive
13.752189703717931	inactive
12.385951436130007	inactive
13.201708238851097	inactive
14.14893049957331	inactive
14.048614928900598	inactive
14.19907789186356	inactive
14.30333856835638	inactive
14.382823955103671	inactive
14.2911646108104	inactive
14.176300114085784	inactive
13.997411225196894	inactive
14.258244401059834	inactive
13.94407789186356	inactive
14.728831765635292	inactive
14.33713431350629	inactive
14.330992574403243	inactive
14.015840930412313	inactive
14.389081198741868	inactive
14.522680342102916	inactive
14.672248715748673	inactive
14.007090930412314	inactive
14.306391761856002	inactive
14.392713095945194	inactive
14.63958856835638	inactive
13.86972604001171	inactive
14.330350095189335	inactive
14.164084978031362	inactive
13.899355669641338	inactive
14.444176153390394	inactive
13.850559373345043	inactive
14.255600945529473	inactive
14.260112472362426	inactive
13.918586584229395	inactive
14.33304094930876	inactive
13.930883447419117	inactive
14.363917350795283	inactive
14.221918027917981	inactive
13.857827891863561	inactive
13.890559373345042	inactive
13.672411225196893	inactive
14.216461678711632	inactive
13.911161225196896	inactive
12.15068350025195	inactive
12.230207231040565	inactive
12.875476662887376	inactive
13.491687845567267	inactive
12.418518203577726	inactive
12.875476662887376	inactive
12.827290721844292	inactive
12.176119535777275	inactive
12.919458144368857	inactive
12.001088907785338	inactive
13.026113980716255	inactive
12.180238882590071	inactive
13.779462316466736	inactive
13.732189703717932	inactive
13.830977969024055	inactive
13.523620086923657	inactive
13.649411610999362	inactive
13.663337977842396	inactive
13.571359913468498	inactive
13.842142265761268	inactive
13.5824748826043	inactive
13.84922429792445	inactive
13.540761290627362	inactive
13.77499409399256	inactive
13.816115755620174	inactive
13.929224297924453	inactive
13.792468978657427	inactive
13.754070215181777	inactive
13.606713355771344	inactive
13.763137990440029	inactive
13.67770939116132	inactive
13.745378794168927	inactive
13.630806326292888	inactive
13.726003085552147	inactive
13.518561428333705	inactive
14.567094668294821	inactive
13.714798515761267	inactive
13.66672453616943	inactive
13.735419264060589	inactive
13.473861656033584	inactive
13.796943931798054	inactive
11.547936153953469	inactive
12.689548651671668	inactive
12.612902337945176	inactive
12.84927087389389	inactive
11.89185941043084	inactive
11.872668178382463	inactive
11.933892668178384	inactive
12.498407501889645	inactive
13.676467518347254	inactive
13.80937031438813	inactive
14.044136073812748	inactive
13.997017157375652	inactive
14.59709128558831	inactive
13.805319388462202	inactive
13.710837151122819	inactive
13.84810645699332	inactive
13.787033138777144	inactive
13.6354102096014	inactive
12.927418272864701	inactive
11.979276856901315	inactive
13.901716925100313	inactive
11.822865847759877	inactive
13.464597033257746	inactive
12.066722883597883	inactive
11.998945105820106	inactive
12.263782596371883	inactive
12.213134448223734	inactive
12.395333994708995	inactive
13.22594096889168	inactive
12.23980253212396	inactive
12.278093427185688	inactive
12.122244425547997	inactive
14.182755109198562	inactive
13.194283063534053	inactive
12.652581520518131	inactive
13.63451636752931	inactive
13.464597033257746	inactive
13.628465765156957	inactive
13.718227433624708	inactive
13.860235825365248	inactive
13.636918461829175	inactive
13.746880746801832	inactive
14.46448589765847	inactive
13.895883447419116	inactive
13.876183626228269	inactive
12.069871031746032	inactive
14.198160731030498	inactive
12.568351236333907	inactive
12.538413721970269	inactive
12.667799193751573	inactive
12.40015695861678	inactive
4.7098598968972345	inactive
11.772853363567648	inactive
5.444044784580498	inactive
12.231947488872093	inactive
12.701995307382212	inactive
11.961442350088184	inactive
11.278462030755778	inactive
12.233017998866213	inactive
12.610381465092415	inactive
13.14999433106576	inactive
13.569118142793286	inactive
5.895055508314437	inactive
12.103940237360376	inactive
11.982052429768205	inactive
11.9785369425548	inactive
13.34375251952633	inactive
13.305699798437892	inactive
13.435368008314436	inactive
12.633939629494284	inactive
12.089908982111364	inactive
13.113242315444696	inactive
13.410827541922117	inactive
13.062131204333586	inactive
14.468502386722882	inactive
12.854002924564375	inactive
13.15192549897855	inactive
13.849490845721006	inactive
12.16167753212396	inactive
12.563035714285714	inactive
13.074658284965203	inactive
13.018633542930154	inactive
12.55676634542706	inactive
13.05668302384978	inactive
12.823783068783069	inactive
12.609910714285714	inactive
12.517714474678762	inactive
12.36477843915344	inactive
12.558825585789872	inactive
11.946211262282691	inactive
11.946211262282691	inactive
11.946211262282691	inactive
13.313882660044936	inactive
13.069922891996306	inactive
12.989675978416058	inactive
11.980046296296297	inactive
13.131467547303586	inactive
12.132824074074074	inactive
12.207138290501387	inactive
12.198313492063493	inactive
12.93931319286974	inactive
12.335610512723608	inactive
12.350916635172588	inactive
12.312386463844796	inactive
4.452590328265487	inactive
12.86165658856135	inactive
5.326761190982872	inactive
12.257553382464096	inactive
12.378746317231617	inactive
12.564191546989166	inactive
12.66247937137818	inactive
12.476046941924919	inactive
12.488066893424035	inactive
5.997691744716455	inactive
11.290193466444888	inactive
12.719719230284706	inactive
5.124998637021301	inactive
4.656544994541026	inactive
12.642719513731418	inactive
12.668462144116907	inactive
12.610709377886959	inactive
12.416510298563871	inactive
12.400395093222475	inactive
13.322178505370939	inactive
12.577403995548837	inactive
12.466441822766296	inactive
12.447128054925674	inactive
12.301313145628622	inactive
12.419138636936253	inactive
12.211844608213655	inactive
12.322101088120434	inactive
12.25581994834971	inactive
12.17935405643739	inactive
11.105628566908399	inactive
12.573411297229839	inactive
12.542999697596107	inactive
13.167316477146922	inactive
12.942050946921977	inactive
12.891154166576854	inactive
4.863962158172115	inactive
12.434084309649787	inactive
12.038274054622358	inactive
5.175617562235077	inactive
12.352533313881619	inactive
14.065917781185743	inactive
9.589380497582157	inactive
12.826224112734703	inactive
13.045663087758875	inactive
11.823496752899711	inactive
10.692036280653184	inactive
13.451655320989737	inactive
12.498690721289023	inactive
4.3044425513292754	inactive
12.807280119887512	inactive
12.284260125346435	inactive
12.619221623834719	inactive
12.174665847820611	inactive
4.681909407281431	inactive
12.392199782690852	inactive
12.452500551146384	inactive
12.134367922725156	inactive
6.126441833935219	inactive
4.63020696307368	inactive
12.935929547745024	inactive
6.1714474975192255	inactive
12.703750472411185	inactive
12.35898538353715	inactive
13.249043039175163	inactive
13.148854875283444	inactive
12.578226647140337	inactive
14.337285997732426	inactive
12.990310216679262	inactive
13.613894242882338	inactive
12.783738977072309	inactive
12.425341605778113	inactive
12.707919737339381	inactive
12.225219076458252	inactive
12.294824420508945	inactive
13.545454109916593	inactive
13.949130620261574	inactive
13.358297377593013	inactive
13.436887652724593	inactive
12.180700113378684	inactive
12.872017195767196	inactive
12.650100833543291	inactive
12.703106497228521	inactive
12.37472755871896	inactive
13.030372820054456	inactive
12.996536753590323	inactive
12.574011243386243	inactive
13.360503790051396	inactive
12.363560230676633	inactive
13.060184564901167	inactive
12.649206585411942	inactive
13.95583534639496	inactive
12.856553130511463	inactive
12.137918871252204	inactive
6.29063486366216	inactive
12.376511637062233	inactive
4.5654403359351186	inactive
12.160621220710507	inactive
12.48386936255984	inactive
12.284980348735758	inactive
6.527861057709993	inactive
6.311415396260874	inactive
13.248248439293413	inactive
13.223326955782314	inactive
13.076036080868544	inactive
14.848626119477004	inactive
14.557460402530463	inactive
14.140061389989757	inactive
15.007912768018059	inactive
12.464833133431613	inactive
12.464381845960638	inactive
13.918882942669669	inactive
13.502997559435586	inactive
13.853576224202993	inactive
13.292966149391702	inactive
13.823543669317026	inactive
11.058959278155706	inactive
12.148521038044848	inactive
12.569459089191232	inactive
4.705248484813781	inactive
12.32358953766692	inactive
4.712503984695092	inactive
12.590623661501638	inactive
4.721416131267322	inactive
12.188521038044847	inactive
12.374510901289401	inactive
12.486668398841019	inactive
12.70058012093726	inactive
12.334125881834215	inactive
4.379615768764398	inactive
12.82501102292769	inactive
4.602950837742505	inactive
5.523992583144368	inactive
12.273883062484252	inactive
12.28097584404132	inactive
4.470271583942219	inactive
12.898980061605318	inactive
4.383386869797404	inactive
4.687146846392878	inactive
11.942187124109925	inactive
4.399065094791105	inactive
4.636141030486268	inactive
12.277996976568403	inactive
12.208087577138805	inactive
12.203036475392626	inactive
12.019304610733181	inactive
12.532463466868228	inactive
4.460173059964727	inactive
12.69186720521542	inactive
12.048342676576803	inactive
13.820013699924415	inactive
12.015535030440613	inactive
12.914696659528008	inactive
12.405510912698412	inactive
13.720407504897771	inactive
12.02003697486104	inactive
12.25063222310077	inactive
14.082475586854818	inactive
10.908177844499285	inactive
12.252740025279245	inactive
13.15853796611237	inactive
12.674159737969262	inactive
13.649027392127138	inactive
13.672836835466253	inactive
13.66176015961685	inactive
13.718130746801833	inactive
13.699540854826525	inactive
13.710003995229567	inactive
13.50970702632905	inactive
13.730925922889305	inactive
14.071341017888635	inactive
